EXT_ID,PredictionScore,WalmartReceipt,Date,Subtotal,TAX
58ab4fc9e4b08c6e1ec0a94d,0.9507651925086976,True,,,
58bdf93de4b0d23e37738fbc,0.07227711379528046,False,,?¢G??,
58bd6df3e4b0d23e377385c6,0.0514434352517128,False,03/05/2017,$16.81,$0.38
58bca5c1e4b0d23e37737e33,0.07552754133939743,False,,$151.,$151.
58924c43e4b018a8bfc287fa,0.06302587687969208,False,01/20/2017,$77.13,$2.15
58bc69a0e4b0d23e377376d8,0.7594169974327087,True,,$113.12,.?¢G??
58bc3df1e4b0d23e37737191,0.7855581641197205,True,06/02/17,,.929
58a0c72ae4b0314ab22f9849,0.055503342300653465,False,02/12/2017,,
58a8b522e4b0fe09880452f1,0.05689547583460808,False,02/18/2017,$17.21,$1.00
58bc2ac7e4b0d23e37736f03,0.08000003546476364,False,03/02/2017,,.
58bc1cb6e4b0d23e37736d43,0.05592502281069756,False,,$22.71,
58bc4a95e4b0d23e37737312,0.05225992575287819,False,05/23/17,$1.2;,$9.35
58b98a0ce4b0d23e377354d1,0.8185202479362488,True,,,
58ba1feee4b0d23e37735ac6,0.05470441281795502,False,08/02/2017,c,$1164
58990eefe4b05f998de95db2,0.05706241354346275,False,02/05/2017,$62.08,$2.02
58bb08a3e4b0d23e3773615c,0.0565466620028019,False,03/04/2017,,
587194fee4b0e80f9e3c2517,0.05070772767066956,False,01/07/2017,$5.50,$0.00
58bad6b4e4b0d23e37735cd1,0.05070772767066956,False,03/03/2017,TRIP,$5.89
58bccd5fe4b0d23e377381d4,0.13754363358020782,False,,TRIP,TAX
589f541ce4b0314ab22f95ef,0.05225992575287819,False,02/11/2017,$16.96,$1.05
58b6d994e4b0d23e37734e7c,0.7037615180015564,True,,,
587fcc5fe4b03e3ebfd77f00,0.13542918860912326,False,,$12.99,$0.00
58b61e0ee4b0d23e37734d43,0.1904890537261963,False,,$48.69,$3.20
58a8cb3be4b0fe0988045343,0.05706241354346275,False,02/13/2017,$26.98,
58b07ef6e4b05f7a051930e8,0.7885084748268127,True,,,
589e4181e4b0314ab22f94c6,0.20033766329288485,False,,,
58bc460be4b0d23e37737274,0.05658368393778801,False,03/04/2017,,
58bcc76ee4b0d23e3773815f,0.6712396740913391,True,,,
58ae8c80e4b068eafab0c759,0.05225992575287819,False,02/07/2017,$67.16,$2.31
58b8b6bfe4b0d23e37735383,0.07596278190612793,False,02/28/2017,,
58b8bbe0e4b0d23e3773539a,0.0514434352517128,False,03/02/2017,SUBTOTAL,
58a9faece4b0fe09880454c9,0.07227711379528046,False,05/20/17,TRIP,$18.06
587fdd1be4b03e3ebfd77f0a,0.054940015077590935,False,01/18/2017,$24.04,$1.53
588c1973e4b090cf9c5a45b5,0.12695541977882385,False,,$10.97,$0.00
5878179fe4b0d1a74fe8d43c,0.054940015077590935,False,01/12/2017,,SU??¡Ó18T25
58925e29e4b018a8bfc2881c,0.05070772767066956,False,01/29/2017,6.52,$0.57
586f339de4b0e80f9e3c2420,0.05225992575287819,False,12/24/2016,$27.63,$0.47
589e11fce4b0314ab22f944e,0.05225992575287819,False,02/10/2017,.78,
586d862fe4b00ce8c12e99f4,0.13648991286754608,False,12/29/2016,$43.84,$1.76
58cf4977e4b06d16e3cd853b,0.05070772767066956,False,03/18/2017,$6.64,$0.00
58bc4159e4b0d23e377371dc,0.19120068848133087,False,06/02/17,94,$0.95
58badd18e4b0d23e37735d6f,0.05658368393778801,False,05/02/17,SUBTOTAL,$45.40
58cf1e49e4b06d16e3cd83e6,0.5403968691825867,True,,,
58b4d8b2e4b0d23e37734ae1,0.05959836021065713,False,05/28/17,,
58a1047be4b0314ab22f9974,0.1421058624982834,False,,xgg.9??¡Ó,
58a4cf2ae4b0314ab22f9d87,0.054525773972272866,False,02/14/2017,41,$0.58
58a237b3e4b0314ab22f9ac9,0.06553961336612701,False,,,
58bdea6ce4b0d23e37738e77,0.05543202906847,False,02/25/2017,,??¡Ó
58cef5f5e4b06d16e3cd81b7,0.07688577473163605,False,00/19/2017,,
58cc5a84e4b06d16e3cd6ee2,0.05406371504068375,False,06/08/17,,
58bdc009e4b0d23e37738b1f,0.07552754133939743,False,,,
58bcc05ae4b0d23e377380d2,0.18403540551662445,False,03/25/17,,
58c36fd2e4b06d16e3cd2cdc,0.12695541977882385,False,,,
58bcb441e4b0d23e37737fbd,0.11425657570362092,False,,,
58bde956e4b0d23e37738e50,0.4606209695339203,False,,,
58bdd94fe4b0d23e37738d13,0.055801406502723694,False,,$142.95,8.92
58beba96e4b0d23e377394b2,0.0565466620028019,False,02/27/2017,TRIP,FT
58be17dde4b0d23e37739201,0.0514434352517128,False,02/23/2017,$12.30,$0.00
58ceda98e4b06d16e3cd8014,0.0565466620028019,False,03/19/2017,PAYMENT,$12.8
58be34c2e4b0d23e37739355,0.058156471699476235,False,06/04/17,,
58bc48c5e4b0d23e377372cd,0.055503342300653465,False,,9b,
58baf4bce4b0d23e37735fc2,0.05706241354346275,False,05/22/17,,
58bea036e4b0d23e37739410,0.05470441281795502,False,03/06/2017,.45,.73
58ab8a51e4b08c6e1ec0a9d5,0.18501393496990204,False,02/15/2017,$32.98,
58bc743ce4b0d23e37737834,0.07854074984788895,False,02/27/2017,$14.98,$0.00
58bc37b1e4b0d23e377370c6,0.17894260585308075,False,,,
58c0ad8ce4b0d23e3773a719,0.18984591960906985,False,03/04/2017,,
58bc4736e4b0d23e377372a1,0.20693989098072046,False,03/02/2017,$11.55,'0.11
58bc73cae4b0d23e37737828,0.7230294346809387,True,,,.00
58bcc0dae4b0d23e377380da,0.05735868588089942,False,03/01/2017,$42.88,$1.23
58701a75e4b0e80f9e3c24ac,0.05592502281069756,False,12/31/2016,$65.92,$3.61
58bd6f39e4b0d23e377385d9,0.054940015077590935,False,02/22/2017,TRIP,on
58be1a1be4b0d23e37739223,0.05735868588089942,False,03/06/2017,,
58bc95fee4b0d23e37737c77,0.2195359617471695,False,03/02/2017,$29.61,1.48
58bad980e4b0d23e37735d07,0.05689547583460808,False,06/01/17,SUBTOTAL,.
58bc90f5e4b0d23e37737bd6,0.0565466620028019,False,02/23/2017,$14.16,$0.10
58b98a29e4b0d23e377354d2,0.07950490713119507,False,03/02/2017,I?3.UE,
58bc7f3ae4b0d23e377379af,0.05658368393778801,False,03/05/2017,$25.39,$1.47
58aa1c0fe4b0fe098804551d,0.05901095643639565,False,02/19/2017,,
589f1f7ce4b0314ab22f957a,0.054940015077590935,False,02/02/2017,SUBTOTAL,
58a4f299e4b0314ab22f9dc0,0.054940015077590935,False,02/15/2017,.80,.10
58ace5f8e4b08c6e1ec0abea,0.05592502281069756,False,02/10/2017,$18.63,$0.62
5894bc98e4b05f998de9580a,0.7592148780822754,True,37/24/17,,$1.1
58af84e5e4b068eafab0c886,0.4661705493927002,False,02/33/2017,TRIP,
58a9b6f6e4b0fe0988045435,0.061560958623886115,False,,,
58bc3aeee4b0d23e37737141,0.05595636740326882,False,03/04/2017,$32.01-,16
58bca681e4b0d23e37737e45,0.05543202906847,False,03/05/2017,,
58bc3ba1e4b0d23e37737151,0.055503342300653465,False,,,
58963462e4b05f998de959d5,0.05592502281069756,False,01/26/2017,,
58be0190e4b0d23e3773908c,0.05735868588089942,False,02/25/2017,$73.51,ET
588a3873e4b090cf9c5a4457,0.10004302859306337,False,,$6.97,$0.31
58bc347ae4b0d23e3773705f,0.05689547583460808,False,02/26/2017,SUBTOTAL,
589d0de3e4b0314ab22f9316,0.058156471699476235,False,02/05/2017,SUBTOTAL,$2.82
58bdd3d1e4b0d23e37738c96,0.7318406105041504,True,,[RIP,
58bae350e4b0d23e37735e0b,0.06033219397068024,False,03/03/2017,,
58bc87d7e4b0d23e37737abf,0.07467439025640488,False,03/05/2017,$98.15,T
5894b302e4b05f998de957fc,0.0663721114397049,False,,,
58aa2fd7e4b0fe0988045531,0.09785540401935576,False,,,
58b58df1e4b0d23e37734bb0,0.1911262273788452,False,,SUBTOTAL,$0.68
58bafad7e4b0d23e37736047,0.168220654129982,False,,SUBTOTAL,$0.52
588b93f2e4b090cf9c5a4534,0.06466338038444519,False,,??¡Ó.12,"0,41"
58bc0d99e4b0d23e37736bc5,0.050695326179265976,False,03/03/2017,,FT
58ba4682e4b0d23e37735b6b,0.13291941583156586,False,,,
58bc3b18e4b0d23e37737146,0.1911262273788452,False,03/03/2017,,$1.
58bafcc6e4b0d23e3773607c,0.18769048154354093,False,05/21/17,$14.75,$33.16
58bc56f9e4b0d23e3773749c,0.13648991286754608,False,,;,
58bc1144e4b0d23e37736c0b,0.7752892374992371,True,02/26/2017,,
5894b172e4b05f998de957f5,0.0514434352517128,False,,TRIP,
58b9d3eae4b0d23e377357f7,0.8185160756111145,True,,$4.08,
58bc0826e4b0d23e37736b7a,0.0514434352517128,False,,[RIP,
58bc3815e4b0d23e377370d4,0.0514434352517128,False,03/02/2017,$41.51,$2.71
5890f4c5e4b090cf9c5a48e8,0.07463043928146362,False,,,
58bbfb62e4b0d23e37736b43,0.7037615180015564,True,,,
58bc289de4b0d23e37736ec0,0.0514434352517128,False,03/04/2017,$19.99,$1.33
5897907ce4b05f998de95c04,0.055503342300653465,False,02/05/2017,,
58bc0c4ae4b0d23e37736bab,0.05658368393778801,False,02/26/2017,?¢G?[?¢G??.99,?¢G???¢G?.66
58be0321e4b0d23e3773909e,0.07154728472232819,False,33/25/17,,
58ba3cbfe4b0d23e37735b4f,0.7984470129013062,True,02/08/2017,,
587c0deee4b0d1a74fe8d656,0.07586468011140822,False,01/15/2017,$14.81,$0.49
58bc533ce4b0d23e37737413,0.05543202906847,False,,V1?¢G??I9b,$4.22
58cf492ee4b06d16e3cd8537,0.05070772767066956,False,03/19/2017,$7.,$0.
58babc60e4b0d23e37735c0b,0.1421058624982834,False,,,
58bb40bfe4b0d23e377365f3,0.168220654129982,False,03/04/2017,SUBTOTAL,on
58a0d138e4b0314ab22f9875,0.1911262273788452,False,,SLBTOIAL,
58bb303be4b0d23e377364aa,0.168220654129982,False,,$82.19,$2.05
58bc7a2fe4b0d23e377378fb,0.7592148780822754,True,,,
58bb188ce4b0d23e377362cb,0.7318406105041504,True,,,
58bb0a94e4b0d23e37736191,0.0514434352517128,False,,,
58bc2345e4b0d23e37736e07,0.13764050602912906,False,03/03/2017,5.75,?¢G??0.21
58bb0527e4b0d23e37736105,0.05543202906847,False,,IRIP,140.02
58baf8e8e4b0d23e37736020,0.18692469596862796,False,03/04/2017,TRIP,
58bc7f45e4b0d23e377379b5,0.20033766329288485,False,03/04/2017,.79,'33
58b9b814e4b0d23e3773563e,0.168220654129982,False,02/25/2017,,
58acdbf8e4b08c6e1ec0abd4,0.05225992575287819,False,02/19/2017,$21.95,mm
589d0fdae4b0314ab22f9321,0.5002511143684387,True,05/01/17,,
58bc3c73e4b0d23e37737160,0.7324553132057191,True,,,
58baeec9e4b0d23e37735f06,0.05225992575287819,False,03/03/2017,,$37.20
58baeae3e4b0d23e37735eac,0.06690485775470734,False,,,
58baeba0e4b0d23e37735eb9,0.7335758209228516,True,,Ip,?¢G??
58bae265e4b0d23e37735df2,0.054525773972272866,False,00/01/17,.,MAX
58bc6bece4b0d23e37737728,0.7448014616966248,True,,,
58bc8bdce4b0d23e37737b4a,0.05470441281795502,False,,,$17.80
58bc7c1ee4b0d23e3773792f,0.0514434352517128,False,03/05/2017,TRIP,$40.45
58bb429de4b0d23e3773660f,0.05470441281795502,False,03/04/2017,88,$65.94
58ba13ffe4b0d23e37735a56,0.0565466620028019,False,02/25/2017,"$18,48",2v
58bc554be4b0d23e3773744e,0.05225992575287819,False,03/05/2017,$22.08,$1.23
58bb4a1ae4b0d23e37736673,0.05658368393778801,False,06/02/17,$11.87,$0.31
58b9bedde4b0d23e377356c5,0.05406371504068375,False,05/31/17,$74.64,'
58b9d2ffe4b0d23e377357e4,0.2123987376689911,False,06/01/17,$12.62,$0.34
58b9c7e7e4b0d23e37735744,0.7846386432647705,True,03/01/2017,,
58badb4be4b0d23e37735d34,0.1961672157049179,False,,,
58b9b87ce4b0d23e37735647,0.05470441281795502,False,02/26/2017,$13.46,$0.09
58b1bed3e4b0eec3bce00225,0.7318406105041504,True,,~??i1)??¡Ó??,7.74
58b9b3ece4b0d23e3773560a,0.107088103890419,False,03/30/17,$20.53,$1.07
58bb7d6ae4b0d23e377369b0,0.0514434352517128,False,03/03/2017,SUBTOTAL,
58b9b3bfe4b0d23e37735604,0.4661705493927002,False,,,
58ba2d43e4b0d23e37735b12,0.4607602059841156,False,,,
58b991aee4b0d23e377354ea,0.16043418645858765,False,,,
58b82adee4b0d23e377351bc,0.19882865250110626,False,,TOTAL,$47.62
58b96cc1e4b0d23e37735488,0.05592502281069756,False,02/28/2017,$28.35,3.99
58a72849e4b0fe09880450dd,0.12853515148162842,False,02/17/2017,$12.98,$0.68
58bc3028e4b0d23e37736fb4,0.1961672157049179,False,02/28/2017,,
5889339fe4b05f73db077a61,0.20033766329288485,False,01/21/2017,$22.95,$3.00
58bc4142e4b0d23e377371d8,0.0514434352517128,False,03/01/2017,TRIP,
58bb369be4b0d23e3773652f,0.05470441281795502,False,06/02/17,,(?¢G?.14
58b6963de4b0d23e37734e05,0.12822800874710086,False,,,
58b4df40e4b0d23e37734afd,0.20033766329288485,False,02/26/2017,,
58b97360e4b0d23e37735495,0.8091302514076233,True,,SUBTOTAL.,1111)
58bc4608e4b0d23e37737272,0.07117138803005219,False,03/03/2017,$52.50,
58b83d8be4b0d23e377351ee,0.05070772767066956,False,,,TAX
58b48c24e4b0d23e377349d8,0.568082332611084,True,,,
58b2f868e4b0eec3bce00465,0.0514434352517128,False,02/23/2017,65,
58b344bae4b0eec3bce0057a,0.05470441281795502,False,02/26/2017,$11.45,$3.96?¢G???
58b9fb75e4b0d23e3773594d,0.07792524993419647,False,02/28/2017,$897.,
58b2e47de4b0eec3bce0043a,0.0514434352517128,False,05/26/17,$35-43,$0.24
58b1f1aae4b0eec3bce002c8,0.7160237431526184,True,02/24/2017,00,$0.00
588b8763e4b090cf9c5a452c,0.5448866486549377,True,,38,$0.00
58bb40bce4b0d23e377365f2,0.05658368393778801,False,03/04/2017,SUBTOTAL,MAX
58b21718e4b0eec3bce00354,0.07792524993419647,False,,'3';,?¢G??Mm?¢G??
58b44040e4b0eec3bce00780,0.12853515148162842,False,,$6.55,$0.12
58bc2adce4b0d23e37736f06,0.05470441281795502,False,03/04/2017,$36.00,$0.00
58af514ce4b068eafab0c81b,0.07596278190612793,False,02/21/2017,$6.38,$4.49
58a617dce4b0314ab22f9eed,0.05735868588089942,False,01/31/2017,C3,11
58bc55cbe4b0d23e37737466,0.18403540551662445,False,,021.00,
588ff611e4b090cf9c5a487c,0.07596278190612793,False,04/27/17,,
58889482e4b05f73db077a1a,0.1106427162885666,False,,$105.84,$0.28
58a746a5e4b0fe0988045106,0.4904076457023621,False,,,
58af4a6fe4b068eafab0c813,0.168220654129982,False,,$5,.
58799e4ce4b0d1a74fe8d527,0.1421058624982834,False,,SUBTOTAL,
589fadfde4b0314ab22f96b7,0.18769048154354093,False,02/08/2017,$50.19,$3.82
58bd4c1ee4b0d23e37738459,0.05470441281795502,False,03/05/2017,$44.98,$2;
58a0df9ee4b0314ab22f990d,0.0514434352517128,False,02/12/2017,$2.59,$0.19
58b8bd59e4b0d23e377353a1,0.05470441281795502,False,03/02/2017,,57
58ab6ae8e4b08c6e1ec0a97f,0.7372384667396545,True,02/20/2017,PAYMENT,on
58a3b697e4b0314ab22f9c66,0.12862111628055573,False,02/14/2017,,$1.66
58a60a3ee4b0314ab22f9eb8,0.05901095643639565,False,02/15/2017,TOTAL,on
58a62a18e4b0314ab22f9f04,0.05470441281795502,False,02/16/2017,,
58bb5550e4b0d23e37736710,0.054041773080825806,False,02/25/2017,,AX
58a23e9fe4b0314ab22f9ad2,0.12767717242240906,False,05/14/17,$16.14,$0.46
5871a2d5e4b0e80f9e3c251c,0.7958078384399414,True,,$93.36,$3.75
5899d228e4b05f998de95ea3,0.05658368393778801,False,02/05/2017,$37.59,$0.69
587bdbb3e4b0d1a74fe8d636,0.0514434352517128,False,01/15/2017,$11.46,$0.69
58bc72fde4b0d23e37737816,0.05543202906847,False,03/05/2017,$71.40,$2.89
58b0b70be4b05f7a0519318d,0.05470441281795502,False,,_,
589b5c0be4b05f998de96081,0.21552062034606934,False,,,
589fb03ce4b0314ab22f96b9,0.8074632883071899,True,02/11/2017,,
58768190e4b0087d2c8a0706,0.07467439025640488,False,04/10/17,,
589eca29e4b0314ab22f9536,0.05592502281069756,False,02/03/2017,$20.97,$0.81
589eca68e4b0314ab22f9539,0.07308666408061981,False,05/11/17,,
58a38adbe4b0314ab22f9c27,0.17129066586494446,False,02/14/2017,$42.39,31
58a457cbe4b0314ab22f9cce,0.061855114996433265,False,02/11/2017,$11.31,$0.07
589f293ce4b0314ab22f958a,0.12137095630168915,False,,\lm?¢G??,
58badc84e4b0d23e37735d63,0.18692469596862796,False,03/04/2017,$12.,$0.
58a85948e4b0fe098804522e,0.6551075577735901,True,02/17/2017,.,$80.87
588e38fde4b090cf9c5a46cc,0.054525773972272866,False,01/29/2017,$38.99,
589634c5e4b05f998de959da,0.05930133163928985,False,02/02/2017,,
58b0a1d6e4b05f7a05193141,0.05225992575287819,False,02/24/2017,TR,TAX
58b9fb43e4b0d23e3773594b,0.7483114004135132,True,,$38.32,.00
589b960be4b05f998de960b0,0.05070772767066956,False,,,$0.00
58b0cb3fe4b0eec3bce00104,0.05070772767066956,False,15/25/17,79,00
58b19fc5e4b0eec3bce001cd,0.0565466620028019,False,02/14/2017,$30.94,
589b5e87e4b05f998de96084,0.7243476510047913,True,,$64.57,
58b306d3e4b0eec3bce0048d,0.05070772767066956,False,,TOTAL,$0.64
58a5ee24e4b0314ab22f9e81,0.7037615180015564,True,,,
5894b9e6e4b05f998de95807,0.055503342300653465,False,02/02/2017,,
587a99cce4b0d1a74fe8d5b7,0.05735868588089942,False,01/14/2017,$32.70,$1.78
58a3404de4b0314ab22f9bc6,0.13510523736476898,False,02/14/2017,$2.99,$0.00
5878efe6e4b0d1a74fe8d494,0.05543202906847,False,,,.'
58963d36e4b05f998de959f9,0.18692469596862796,False,02/04/2017,$10.32,$3.24
58a0cdfee4b0314ab22f985f,0.7671917676925659,True,,,on
5897aaf1e4b05f998de95c2c,0.7776520848274231,True,,SUBlOlAL,??¡Ó??¡Ó
586f3181e4b0e80f9e3c241a,0.05225992575287819,False,12/26/2016,$15.87,$1.36
588fa6a8e4b090cf9c5a47f6,0.058156471699476235,False,01/23/2017,02,T
58a0081ae4b0314ab22f976a,0.13648991286754608,False,02/11/2017,$55.50,$0.00
5897a418e4b05f998de95c21,0.055503342300653465,False,,_????_??¡Ó??¡Ó,$1.56
58acb844e4b08c6e1ec0ab5a,0.05706241354346275,False,,$49.13,$48.08
58993fe9e4b05f998de95e33,0.05225992575287819,False,02/04/2017,$73.48,$3.84
589e145de4b0314ab22f9457,0.05225992575287819,False,03/12/17,1,$63.95
5896111ae4b05f998de9596e,0.07494612038135529,False,,,
58a0a29be4b0314ab22f97f1,0.08165965974330902,False,05/13/17,,
58acdb86e4b08c6e1ec0abd1,0.10004302859306337,False,02/19/2017,":11,??","10.u"""
586f31f8e4b0e80f9e3c241e,0.05795470625162125,False,12/28/2016,00,L
5893a7ebe4b018a8bfc288dd,0.12371180206537248,False,01/30/2017,$17.g3,$0.95
588794dee4b05f73db077971,0.06033219397068024,False,01/15/2017,,
58ad1291e4b08c6e1ec0ac4a,0.0514434352517128,False,02/18/2017,$68.16,$4.81
588fc26ce4b090cf9c5a4826,0.0514434352517128,False,01/29/2017,$16.97,$0.74
58b1f23be4b0eec3bce002ce,0.0565466620028019,False,02/25/2017,$23.96,$13.11
58af6523e4b068eafab0c831,0.1871219277381897,False,,,
58975d09e4b05f998de95b87,0.05225992575287819,False,02/05/2017,$20..?¢G?~,
58912b08e4b090cf9c5a4935,0.05340180918574333,False,01/31/2017,,$7.79
58a5ebefe4b0314ab22f9e74,0.4607602059841156,False,,,
58aa110ee4b0fe09880454f4,0.0514434352517128,False,02/19/2017,.82,.20
58b615c3e4b0d23e37734d02,0.4454784095287323,False,02/25/2017,,
588deb0ae4b090cf9c5a4692,0.05292871966958046,False,01/28/2017,TRIP,on
588bed0be4b090cf9c5a4599,0.13706135749816895,False,01/27/2017,,
58880f3ee4b05f73db0779e1,0.13706135749816895,False,04/19/17,$1.94,$0.08
5871de3de4b0e80f9e3c2539,0.05225992575287819,False,04/07/17,$28.89,$1.85
586f31a4e4b0e80f9e3c241b,0.05795470625162125,False,04/04/17,58,$5.02
58867a56e4b05f73db0778bb,0.7483114004135132,True,,,
5878274ae4b0d1a74fe8d44d,0.4438309073448181,False,,,
58b8febfe4b0d23e3773545d,0.5970108509063721,True,03/02/2017,$20.07,
58a75909e4b0fe0988045129,0.12767717242240906,False,,$38.70,$2.40
587d8eeae4b068f9da392965,0.08151411265134811,False,04/16/17,,
58b5ee78e4b0d23e37734c87,0.07154728472232819,False,02/24/2017,SUBIOTAL,
58bafedfe4b0d23e377360b5,0.054525773972272866,False,03/02/2017,$76.31,$2.86
5877f8a7e4b0d1a74fe8d423,0.054041773080825806,False,04/12/17,$11.08,$3.20
58892cbbe4b05f73db077a58,0.061855114996433265,False,,,
589b87dae4b05f998de960a7,0.05225992575287819,False,02/08/2017,SUBTOTAL,$1.74
587e16ece4b068f9da39297d,0.055503342300653465,False,01/13/2017,,
586f1ff9e4b0e80f9e3c2410,0.7147180438041687,True,04/02/17,47,$2.18
5897bb41e4b05f998de95c61,0.054940015077590935,False,02/05/2017,$58.22,TAB
5883fa8ae4b04c4484df0789,0.2195359617471695,False,01/21/2017,,
586c5e93e4b00ce8c12e99b9,0.5634223222732544,True,,,S
58bc44c6e4b0d23e3773724d,0.7934011220932007,True,,,
586d443ae4b00ce8c12e99e8,0.7483114004135132,True,,,
58b38daee4b0eec3bce0065c,0.4049730002880096,False,,,
58716637e4b0e80f9e3c2504,0.7243476510047913,True,,,
58b06c82e4b05f7a051930cc,0.2456098049879074,False,,,
58a0ad0be4b0314ab22f9813,0.7670822739601135,True,02/12/2017,,T
58abad39e4b08c6e1ec0aa20,0.17215345799922946,False,,,78759
586d437fe4b00ce8c12e99e3,0.7504626512527466,True,12/28/16,,
5898f94de4b05f998de95d86,0.7757666110992432,True,02/06/17,,
588e08e4e4b090cf9c5a46a2,0.7037615180015564,True,01/29/17,,
589cb4a8e4b0314ab22f9275,0.7901079654693604,True,02/02/17,,
5894da65e4b05f998de9582b,0.7757666110992432,True,,,
5871e504e4b0e80f9e3c253c,0.7438120245933533,True,,,
58901bcde4b090cf9c5a489d,0.7752892374992371,True,01/30/17,,0.39
587f8936e4b03e3ebfd77ed8,0.5705611705780029,True,,,
58b877cce4b0d23e37735297,0.2123987376689911,False,02/23/2017,18.75,1.25
589511eae4b05f998de95879,0.7626971602439879,True,02/01/2017,,
58bcf699e4b0d23e377383c4,0.12767717242240906,False,03/06/2017,4_99,A=0.0%
58968005e4b05f998de95ab1,0.6686700582504272,True,02/02/2017,5.00,0.50
58b9d42de4b0d23e377357fd,0.12767717242240906,False,,7?¢G??,
5889332ce4b05f73db077a5c,0.12767717242240906,False,01/21/2017,~1.49,-0.03
58b20d0be4b0eec3bce00341,0.7190581560134888,True,,,
58bad8ede4b0d23e37735cf7,0.4783514738082886,False,,,
58bc581de4b0d23e377374be,0.4438309073448181,False,,,
58bcc5f5e4b0d23e37738140,0.13743633031845093,False,02/25/2017,,'003
58b4d248e4b0d23e37734ac9,0.568082332611084,True,,,
58b73c4ae4b0d23e37734fb2,0.7515227794647217,True,02/25/2017,ITEMS,o.~5
58af219ee4b068eafab0c7cb,0.568082332611084,True,,,
589d262de4b0314ab22f9353,0.8041774034500122,True,,2.99,0.24
587cea46e4b0d1a74fe8d6d5,0.09785540401935576,False,,,A=8.625%
58bb63efe4b0d23e37736817,0.8041774034500122,True,02/28/2017,,
58a249d4e4b0314ab22f9aea,0.7592148780822754,True,02/13/2017,,21233
58a2175de4b0314ab22f9a7a,0.1421058624982834,False,02/12/2017,,0%
58797648e4b0d1a74fe8d502,0.4606209695339203,False,,$2.00,
58960e94e4b05f998de9595e,0.13811281323432922,False,02/04/2017,18.48,1.11
58af63bbe4b068eafab0c82e,0.5006330609321594,True,,,
58992400e4b05f998de95de2,0.7515227794647217,True,,,
58a7c571e4b0fe09880451ca,0.6871636509895325,True,02/17/2017,,A=10.0%
58bc970be4b0d23e37737c99,0.5705611705780029,True,,,
58d5d179e4b06d16e3cdb114,0.4789565801620483,False,,,
58bae229e4b0d23e37735deb,0.19120068848133087,False,63/01/2017,3.18,1
58baefdee4b0d23e37735f3a,0.8185160756111145,True,,?¢G??,200Z
58be0ef4e4b0d23e37739168,0.12767717242240906,False,03/06/2017,2.57,0.2T
589de582e4b0314ab22f93d3,0.21552062034606934,False,01/26/2017,,.3(5%
5889574ee4b05f73db077a7b,0.568082332611084,True,,,
58bc6047e4b0d23e377375c7,0.20033766329288485,False,02/11/2017,,
58bb6b0ce4b0d23e37736889,0.568082332611084,True,,,
58925ae5e4b018a8bfc28816,0.8091302514076233,True,,,
588a5f06e4b090cf9c5a447c,0.21552062034606934,False,,,
588cd80ee4b090cf9c5a45f6,0.13706135749816895,False,01/28/2017,.99,.05
5882c9c6e4b04c4484df06d1,0.8228139281272888,True,,.,-0'
58b888bce4b0d23e377352db,0.5306789875030518,True,03/02/2017,,
58bc85cae4b0d23e37737a81,0.8041774034500122,True,02/22/2017,,C=4.75%
58b4e186e4b0d23e37734b04,0.12767717242240906,False,02/21/2017,,A=5.5%
58b0ad20e4b05f7a0519315d,0.5009238719940186,True,,,
58ab413fe4b08c6e1ec0a929,0.568082332611084,True,,,
58be0ca6e4b0d23e3773914a,0.7592148780822754,True,03/06/2017,,
5872accfe4b0e80f9e3c256b,0.7147180438041687,True,01/04/2017,,
586fc847e4b0e80f9e3c243b,0.168220654129982,False,,2??¡Ó.??¡Ó??¡Ó,",1?¢G?"
58b4d30be4b0d23e37734ad2,0.7504626512527466,True,,,
58be0eb8e4b0d23e37739164,0.8074632883071899,True,03/06/2017,,
58bdf800e4b0d23e37738f98,0.7190360426902771,True,03/06/2017,,
58bdd5f4e4b0d23e37738cc5,0.4607602059841156,False,,,
58bdb316e4b0d23e37738a05,0.19570444524288175,False,03/06/2017,,A=5.5%
58bc238ee4b0d23e37736e0f,0.8047102689743042,True,02/26/2017,,
58bb2fb5e4b0d23e377364a1,0.12767717242240906,False,03/03/2017,14.29,0.98
58bb4e24e4b0d23e377366aa,0.17038010060787198,False,,,
58b989bbe4b0d23e377354cf,0.7243476510047913,True,03/02/2017,,D
58b63606e4b0d23e37734d8a,0.18181350827217105,False,02/14/2017,3,A=8.625%
58b61e6fe4b0d23e37734d45,0.20033766329288485,False,,,
589bcb39e4b05f998de9612b,0.13706135749816895,False,02/08/2017,_,Az0.01;1
58bcd531e4b0d23e37738289,0.19120068848133087,False,03/03/2017,8.00,
58b75326e4b0d23e37734ffc,0.12137095630168915,False,,,
58ac97d9e4b08c6e1ec0ab2d,0.1911262273788452,False,,,7(808
58a21731e4b0314ab22f9a78,0.7438780069351196,True,02/13/2017,%,
58aa31e2e4b0fe0988045538,0.13764050602912906,False,02/19/2017,36.47,
589ab965e4b05f998de95fec,0.6551777720451355,True,02/06/2017,14.65,0.21
589bd952e4b05f998de96133,0.2503923773765564,False,02/08/2017,2.37,0.15
58a712d7e4b0fe09880450c2,0.2123987376689911,False,02/17/2017,,
58ace2d8e4b08c6e1ec0abe1,0.1911262273788452,False,02/21/2017,17.98,0.38
5893bfb4e4b05f998de9571d,0.20693989098072046,False,,,
587a8241e4b0d1a74fe8d5a6,0.6778860688209534,True,,,
58929366e4b018a8bfc2884a,0.7160237431526184,True,02/01/2017,7.14,0.42
588b6ce1e4b090cf9c5a451e,0.17783430218696594,False,01/27/2017,,B=1.75%
5887e0aae4b05f73db0779ab,0.5028932094573975,True,,,
588e231ae4b090cf9c5a46ab,0.13764050602912906,False,01/15/2017,61,4.88
587fdd6fe4b03e3ebfd77f0c,0.1871219277381897,False,01/18/2017,13.87,1.36
587aa072e4b0d1a74fe8d5c2,0.7351645827293396,True,12/23/2016,8.,O.
5873e01ae4b0087d2c8a0640,0.7411245107650757,True,,7.7b,
586979f6e4b09266b0cab363,0.729073166847229,True,12/31/2016,,
589000b6e4b090cf9c5a4884,0.6712396740913391,True,01/30/2017,,
588a24cbe4b090cf9c5a443c,0.4515812695026398,False,,,
5871b4fde4b0e80f9e3c2523,0.568082332611084,True,,,
58bddc93e4b0d23e37738d4a,0.9546174407005309,True,,39,
58be24bee4b0d23e37739295,0.9544206261634828,True,,,
5892b265e4b018a8bfc2886a,0.9546174407005309,True,,,
58bc4450e4b0d23e37737238,0.9544206261634828,True,02/27/17,,X
58bc2284e4b0d23e37736df2,0.8091302514076233,True,,,0.28
58bba162e4b0d23e37736abc,0.9546174407005309,True,03/02/17,.76,.66
58b59cb3e4b0d23e37734be8,0.7483114004135132,True,02/23/17,,
58bcc363e4b0d23e3773810a,0.9544206261634828,True,03/04/17,,
58d16b07e4b06d16e3cd90f6,0.9507651925086976,True,,,
58bc11c0e4b0d23e37736c14,0.9551894068717957,True,,,
58bd5a4de4b0d23e377384c6,0.8074632883071899,True,03/01/17,1.,75067
58bd8b0ae4b0d23e37738752,0.9544206261634828,True,01/29/17,.74,1.10
58bd8a00e4b0d23e37738744,0.7752892374992371,True,,,
58bdc024e4b0d23e37738b22,0.954201340675354,True,03/05/17,10.9h,
58baf4cbe4b0d23e37735fc3,0.9546174407005309,True,,'?¢G??.03,
58bdf71ee4b0d23e37738f85,0.9499244689941406,True,03/06/17,35.i0,
58bdf785e4b0d23e37738f90,0.9551894068717957,True,,,
58bb097ce4b0d23e3773617e,0.7846386432647705,True,,,
58bc7568e4b0d23e3773784e,0.9515776634216307,True,,,
58bdd175e4b0d23e37738c6c,0.9477726817131042,True,02/28/17,78,
58bbc8e6e4b0d23e37736b07,0.9546174407005309,True,,,
58bc2c7ee4b0d23e37736f31,0.9546174407005309,True,,,
58be0627e4b0d23e377390c5,0.9515776634216307,True,,,
58be58e0e4b0d23e377393d3,0.9546174407005309,True,,33.55,0.22
58790205e4b0d1a74fe8d4aa,0.4607602059841156,False,,,
58be2a0ee4b0d23e377392f2,0.9546174407005309,True,,,
58ab4634e4b08c6e1ec0a93b,0.954201340675354,True,02/19/17,2.95,
58bdf8dee4b0d23e37738faf,0.9546174407005309,True,,,5.30
58bc8106e4b0d23e377379f2,0.9487153887748718,True,03/05/17,50.54,
58bd9d40e4b0d23e377388ae,0.927958071231842,True,03/03/17,,
58bb92b4e4b0d23e37736a6a,0.9539887309074402,True,,9.48,0.48
58bb4faee4b0d23e377366bd,0.9546174407005309,True,,83.21,2.40
58bdd875e4b0d23e37738d0c,0.7243476510047913,True,,,
58bd9305e4b0d23e377387ee,0.9539887309074402,True,,,
58bd7374e4b0d23e37738602,0.9487153887748718,True,03/05/17,,
5895128ae4b05f998de9587b,0.8074632883071899,True,,,'1':
58bce4b8e4b0d23e37738328,0.948373794555664,True,03/02/17,,X
58bce687e4b0d23e3773833d,0.954201340675354,True,02/19/17,,
58bce5c8e4b0d23e37738330,0.9515776634216307,True,,,
58bd9461e4b0d23e3773880d,0.954201340675354,True,02/27/17,5.96,
58bcae50e4b0d23e37737f15,0.9487153887748718,True,03/05/17,46.74,0.87
58bc98d7e4b0d23e37737cce,0.8149649500846863,True,,PURCHRSE,
58bc8db4e4b0d23e37737b7a,0.9546174407005309,True,,,
58bc8148e4b0d23e377379f6,0.7372384667396545,True,,,
58ad1746e4b08c6e1ec0ac52,0.9546174407005309,True,,.,-05
58bc7d7be4b0d23e37737970,0.8185160756111145,True,03/05/17,96,
58bc5d72e4b0d23e3773756b,0.9546174407005309,True,02/18/17,,
58bc77d6e4b0d23e377378b8,0.9546174407005309,True,,,X
58bc8276e4b0d23e37737a1c,0.9487153887748718,True,,,
58bc0ec9e4b0d23e37736be0,0.9546174407005309,True,30/34/17,37.74,
58badbc3e4b0d23e37735d49,0.7855581641197205,True,,,
58bc88e0e4b0d23e37737adc,0.7934011220932007,True,,,
58bc5e1ae4b0d23e37737584,0.8074632883071899,True,03/03/17,,9
58bdb758e4b0d23e37738a5b,0.9546174407005309,True,,47.,
58a9dc66e4b0fe098804547a,0.5479619503021239,True,,,
58bc237be4b0d23e37736e0b,0.954201340675354,True,02/19/17,24.,..
58b734c5e4b0d23e37734f86,0.9544206261634828,True,03/01/17,6.,?¢G??
58bc1e06e4b0d23e37736d72,0.8475430011749268,True,,,
58bca5cfe4b0d23e37737e34,0.9426205158233644,True,03/05/17,1.97,0.16
58bc16fce4b0d23e37736c7f,0.9515776634216307,True,03/04/17,,
58bc1283e4b0d23e37736c2f,0.9546174407005309,True,,L,9CT
58bdc6d8e4b0d23e37738b91,0.9544206261634828,True,02/11/17,.,003600015733
58bc1a5de4b0d23e37736cf0,0.9546174407005309,True,13/04/17,,
58bb1ff2e4b0d23e37736356,0.95377779006958,True,,,
58bb82e0e4b0d23e377369f6,0.9473187327384948,True,03/04/17,12.43,0.37
58bd2ecae4b0d23e37738417,0.9546174407005309,True,02/26/17,,
58bb779de4b0d23e3773695e,0.954201340675354,True,,,
58a03833e4b0314ab22f9794,0.954201340675354,True,02/11/17,,
58b1f1dfe4b0eec3bce002ca,0.9546174407005309,True,,,
58bb5c99e4b0d23e3773678f,0.952808916568756,True,,,
58bb7447e4b0d23e37736924,0.9551894068717957,True,03/02/17,,X
58baf4d7e4b0d23e37735fc6,0.9452902674674988,True,,,0
58bc18dae4b0d23e37736cb7,0.9546174407005309,True,02/23/17,7.66,0.08
58bb56bee4b0d23e37736721,0.9551894068717957,True,,,
58bb6adce4b0d23e37736885,0.8228139281272888,True,,,
58bd6c28e4b0d23e377385a5,0.7985031604766846,True,02/22/17,.54,
58bad885e4b0d23e37735cee,0.9551894068717957,True,,SUBTOTAL,"1,"
58bb54ede4b0d23e37736707,0.7243476510047913,True,,,X
58bb3a07e4b0d23e37736578,0.7651948332786559,True,03/04/17,PURCHASE,%
58bc7f0de4b0d23e377379a8,0.20210084319114685,False,,,
58bc641fe4b0d23e3773762f,0.9546174407005309,True,,,
5893d156e4b05f998de95736,0.9515776634216307,True,,,
5883a992e4b04c4484df0718,0.9444856643676758,True,,2.44,0.20
58bb3a50e4b0d23e3773657f,0.9546174407005309,True,,,
58b4775de4b0eec3bce00863,0.9546174407005309,True,,,
58bd5a2ce4b0d23e377384c5,0.95377779006958,True,02/28/17,110.20,75067
58bc7e55e4b0d23e3773798f,0.568082332611084,True,,,
58bc43b3e4b0d23e37737229,0.9546174407005309,True,,,
58bdf983e4b0d23e37738fc2,0.9546174407005309,True,,,
589c8b99e4b0314ab22f9246,0.9493578672409058,True,,,
58be408fe4b0d23e377393a1,0.9493578672409058,True,,,
58baefbee4b0d23e37735f35,0.7324553132057191,True,,,
589e6ad6e4b0314ab22f94fa,0.95377779006958,True,02/10/17,PURCHRSE,
58bd64f3e4b0d23e37738534,0.9544206261634828,True,03/05/17,9,8
58bae921e4b0d23e37735e91,0.9515776634216307,True,,,
58bae728e4b0d23e37735e6d,0.9491382241249084,True,,,
58bdc81ce4b0d23e37738ba7,0.7918221354484558,True,,,
58bae47ce4b0d23e37735e2a,0.9546174407005309,True,,,
58bcb013e4b0d23e37737f4b,0.9546174407005309,True,,,
58a725aae4b0fe09880450db,0.9546174407005309,True,02/14/17,L,
58a7df46e4b0fe09880451e4,0.9515776634216307,True,02/17/17,,
58bc4b2fe4b0d23e37737320,0.9515776634216307,True,,,
58badb3ae4b0d23e37735d30,0.9546174407005309,True,,,ANIMAL
58ad5f9ae4b08c6e1ec0ac9a,0.932748794555664,True,,,75407
58be226de4b0d23e37739271,0.9539887309074402,True,02/28/17,5.00,0.35
58af9b2de4b068eafab0c8b5,0.7504626512527466,True,,,
5897dd6ce4b05f998de95c98,0.9477726817131042,True,,,79423
58bdc2bce4b0d23e37738b55,0.9490178823471068,True,,25980,9
586ad044e4b09266b0cab3a4,0.9544206261634828,True,01/02/17,,
5899ab98e4b05f998de95e88,0.9546174407005309,True,02/05/17,97.52,1.20
58b4737ee4b0eec3bce00854,0.9546174407005309,True,,,
58bb2c0ce4b0d23e37736447,0.954201340675354,True,,,
58bb0169e4b0d23e377360d8,0.9546174407005309,True,03/04/17,.,.
58b625e3e4b0d23e37734d65,0.7885084748268127,True,,,
58adff05e4b068eafab0c6d8,0.9546174407005309,True,02/12/17,,
58b23ef8e4b0eec3bce003bc,0.9532245993614196,True,02/25/17,BLVD,3.32
589cfa22e4b0314ab22f92e4,0.9551894068717957,True,02/08/17,,4
58a8d19ce4b0fe098804535a,0.9243955612182616,True,02/17/17,PURCHASE,01356
58bd5a0ae4b0d23e377384c3,0.9544206261634828,True,02/25/17,,75067
58a7aff4e4b0fe09880451b5,0.954201340675354,True,02/12/17,,X
5899b98be4b05f998de95e8d,0.7689892649650574,True,,,
589c8b5ee4b0314ab22f9243,0.9539887309074402,True,,8.52,0.60
58a700a6e4b0fe098804509c,0.954201340675354,True,,,056
58b1e63ae4b0eec3bce002a9,0.9546174407005309,True,,01,
589fdc75e4b0314ab22f9718,0.9544206261634828,True,02/11/17,.93,
58ad5cd2e4b08c6e1ec0ac98,0.8091302514076233,True,02/13/17,,75401
589aa843e4b05f998de95fde,0.7483114004135132,True,,,
58b0a286e4b05f7a05193146,0.9551894068717957,True,02/17/17,,X
58a161fde4b0314ab22f99e0,0.9546174407005309,True,,31,0.21
589b3e47e4b05f998de96047,0.954201340675354,True,,,
5897d504e4b05f998de95c8b,0.9467402696609496,True,02/05/17,SUBTDTRL,X
58bc44c3e4b0d23e3773724c,0.9546174407005309,True,,,x
58b35cb7e4b0eec3bce005da,0.947240114212036,True,02/22/17,,
58b85bfce4b0d23e37735227,0.7784220576286316,True,,239.33,18.37
58af968fe4b068eafab0c8ac,0.95377779006958,True,02/23/17,22.98,0.99
589f9d4ae4b0314ab22f968f,0.954201340675354,True,11/25/16,;.,75149
58b34d1ee4b0eec3bce0059e,0.9007782936096193,True,,,
58b214bee4b0eec3bce0034d,0.954201340675354,True,,,
58ab751ce4b08c6e1ec0a9a6,0.8091302514076233,True,,,
58b30822e4b0eec3bce00493,0.945974349975586,True,02/21/17,PURCHRSE,
58bd59ece4b0d23e377384c0,0.9544206261634828,True,,,75067
58af682be4b068eafab0c836,0.954201340675354,True,,,
58be2738e4b0d23e377392b2,0.9546174407005309,True,,57.10,0.58
588eb7c9e4b090cf9c5a4770,0.9102153778076172,True,,5g.,X
58adff22e4b068eafab0c6d9,0.954201340675354,True,,,
58bb0d8ae4b0d23e377361d5,0.9546174407005309,True,,129.85,","
58bb42dfe4b0d23e37736614,0.9494104385375975,True,,18.80,77351
58992f5ee4b05f998de95e15,0.9494104385375975,True,02/04/17,BLVD,1.
58b795d4e4b0d23e377350e4,0.9515776634216307,True,,,iI
589dd431e4b0314ab22f93b3,0.8063064217567444,True,,,7t?
58c72d95e4b06d16e3cd4c58,0.8185202479362488,True,03/13/17,41-96,
58b4d967e4b0d23e37734ae2,0.7504626512527466,True,,,
58af2abbe4b068eafab0c7e9,0.9544206261634828,True,02/19/17,?¢FG8,3.45
58ba297de4b0d23e37735aff,0.5343824028968811,True,,,
58b8a7b4e4b0d23e37735359,0.8091302514076233,True,,,
58af7621e4b068eafab0c852,0.9478421807289124,True,,,
589904a0e4b05f998de95d9e,0.9467402696609496,True,02/01/17,25.11,1-63
58bdcbe3e4b0d23e37738bff,0.95377779006958,True,,28.89,x
58bc906ae4b0d23e37737bc9,0.9546174407005309,True,03/04/17,,6
58bb0d95e4b0d23e377361d6,0.954201340675354,True,,,
58baf4f9e4b0d23e37735fca,0.9544206261634828,True,,,
58af89dfe4b068eafab0c88f,0.7958078384399414,True,,,1.?¢G??
589b4b48e4b05f998de96055,0.4904076457023621,False,02/05/17,0,
58bcc31be4b0d23e37738103,0.7651948332786559,True,03/02/17,,2
5876f559e4b0087d2c8a078b,0.948373794555664,True,,,
58b2ece9e4b0eec3bce0044c,0.9487153887748718,True,02/22/17,,
58a4cf07e4b0314ab22f9d86,0.9183333516120912,True,02/15/17,,
58ba42b3e4b0d23e37735b5f,0.5096494555473328,True,,,
58ae930ae4b068eafab0c764,0.9368831515312196,True,,,78402
58ae26dfe4b068eafab0c706,0.5566220879554749,True,,,X
58b38e80e4b0eec3bce00664,0.9452902674674988,True,,,
58bb0aafe4b0d23e37736198,0.9494104385375975,True,03/01/17,6.23,0.08
5872f57ee4b0e80f9e3c2595,0.9546174407005309,True,,,
5879028ee4b0d1a74fe8d4b0,0.9386053681373596,True,,151.40,
58ab3c61e4b08c6e1ec0a91a,0.9490641355514526,True,02/20/17,.97,
58a93e96e4b0fe09880453e5,0.9546174407005309,True,02/18/17,76,77630
5887ec83e4b05f73db0779b6,0.9487153887748718,True,,.10,.37
58bcdcade4b0d23e377382d8,0.948494553565979,True,03/01/17,,
5876f522e4b0087d2c8a0788,0.9478421807289124,True,,,
58b37679e4b0eec3bce0062d,0.9546174407005309,True,,,
58b03dcfe4b05f7a051930a0,0.9546174407005309,True,,,
589c55f0e4b05f998de96157,0.9544206261634828,True,,PURCHnSE,
58893319e4b05f73db077a5b,0.9467402696609496,True,,26.38,75
58782ac9e4b0d1a74fe8d454,0.9546174407005309,True,01/12/17,,
58a07af3e4b0314ab22f97b9,0.7985031604766846,True,02/11/17,,
58bb244ce4b0d23e3773639c,0.7559550404548645,True,,,
58a9cea3e4b0fe098804546a,0.9546174407005309,True,02/19/17,83,2.03
58ab132ce4b08c6e1ec0a8bc,0.9487153887748718,True,,,
588b514be4b090cf9c5a4503,0.9243955612182616,True,01/26/17,,%
5876f509e4b0087d2c8a0787,0.9487153887748718,True,,,
58af42d0e4b068eafab0c803,0.9546174407005309,True,,,
589a71afe4b05f998de95f7f,0.954201340675354,True,,,x
58a03f94e4b0314ab22f9795,0.9546174407005309,True,02/11/17,,
58933790e4b018a8bfc28882,0.4397912323474884,False,,,
5879024ee4b0d1a74fe8d4ad,0.7855581641197205,True,,,13
5899fbfbe4b05f998de95ebf,0.9544206261634828,True,02/00/17,3.98,0.37
58b0c119e4b0eec3bce000e7,0.954201340675354,True,,63,0.23
58accfc4e4b08c6e1ec0abb4,0.9487153887748718,True,,,
588a51e5e4b090cf9c5a446d,0.9539887309074402,True,,20.46,0.36
587b744ee4b0d1a74fe8d600,0.9546174407005309,True,01/14/17,,
58a0b01ee4b0314ab22f9816,0.9490641355514526,True,02/12/17,,X
5871c4ace4b0e80f9e3c2530,0.9492520689964294,True,01/07/17,5.24,0-32
587ced84e4b0d1a74fe8d6dc,0.9371007084846495,True,,,
58afae7fe4b068eafab0c8d0,0.9544206261634828,True,02/21/17,7,.
588bcaa5e4b090cf9c5a4579,0.954201340675354,True,01/27/17,,X
586fa0c8e4b0e80f9e3c242f,0.9539887309074402,True,,8.46,aw
587d5de1e4b068f9da392921,0.9544206261634828,True,01/16/17,5.74,
58968fa8e4b05f998de95ad8,0.9102153778076172,True,02/04/17,11,X
588530dae4b04c4484df0838,0.948977828025818,True,,,X
587aaf45e4b0d1a74fe8d5ca,0.9507651925086976,True,,,
587cea02e4b0d1a74fe8d6d3,0.954201340675354,True,,,
586b09dfe4b09266b0cab3ba,0.9499244689941406,True,32/21/16,,15062
58839941e4b04c4484df070d,0.9546174407005309,True,,,
58b33faee4b0eec3bce0056b,0.6778860688209534,True,02/21/17,.88,
58bae64de4b0d23e37735e5b,0.7934011220932007,True,,,
58badc47e4b0d23e37735d5c,0.9546174407005309,True,,,
58bafbece4b0d23e37736065,0.9487153887748718,True,,,
58bac4fbe4b0d23e37735c36,0.5666849613189697,True,,,
58a1b245e4b0314ab22f99e7,0.9539809226989746,True,,,0.41
5893a185e4b018a8bfc288d3,0.9473187327384948,True,01/26/17,,
587cd01ce4b0d1a74fe8d6ad,0.8185160756111145,True,,,
58b1c3a9e4b0eec3bce0023c,0.9444856643676758,True,02/20/17,5.84,0.15
586d2309e4b00ce8c12e99d8,0.7958078384399414,True,,,
586b24dde4b09266b0cab3c3,0.947240114212036,True,,.,
5885511fe4b04c4484df085f,0.9546174407005309,True,,,
58b725f6e4b0d23e37734f53,0.9460912346839904,True,,,
58af451ae4b068eafab0c80c,0.9539887309074402,True,02/23/17,,
58aa0a26e4b0fe09880454e2,0.9546174407005309,True,,,76087
58bcbce3e4b0d23e37738098,0.9368831515312196,True,,,
58bb3ac1e4b0d23e37736582,0.7885084748268127,True,,,
58a2761de4b0314ab22f9b3a,0.9546174407005309,True,,,
58cd2f9ae4b06d16e3cd7283,0.9546174407005309,True,,,
5899f904e4b05f998de95eba,0.9493578672409058,True,,,1.38
58c4a28be4b06d16e3cd3757,0.9367648959159852,True,,,
58baf98be4b0d23e3773602b,0.8091302514076233,True,,,
58bb1090e4b0d23e37736216,0.9546174407005309,True,03/04/17,.,75040
58bb75d4e4b0d23e3773693e,0.7885084748268127,True,,,
58bc4f6de4b0d23e377373a0,0.9515776634216307,True,02/28/17,PURCHASE,
58bc3e32e4b0d23e37737195,0.7752892374992371,True,,,
58b63c80e4b0d23e37734da7,0.8158186674118042,True,,,"II,"
58bb759ee4b0d23e3773693a,0.954201340675354,True,03/04/17,11.96,1.04
58b72ae0e4b0d23e37734f63,0.954201340675354,True,02/24/17,0.88,0.04
58bb6ac9e4b0d23e37736883,0.9551894068717957,True,,,I.?¢G??
58bae208e4b0d23e37735de4,0.95377779006958,True,03/03/17,2,
58b9aab9e4b0d23e3773554c,0.9546174407005309,True,,,
58baef34e4b0d23e37735f1b,0.9546174407005309,True,03/01/17,.51,.09
58bc7808e4b0d23e377378c2,0.9487153887748718,True,03/05/17,,
58bb16a4e4b0d23e377362a4,0.19882865250110626,False,02/25/17,9.80,0.56
589a7631e4b05f998de95f83,0.7855581641197205,True,,,
58a78d1ee4b0fe0988045186,0.9544206261634828,True,02/17/17,SUBTOTRL,75482
58ba08cae4b0d23e377359d1,0.7918221354484558,True,,,
58bb2e3de4b0d23e37736479,0.9473955631256104,True,03/04/17,PURCHASE,
58bdacb3e4b0d23e3773899f,0.4935782253742218,False,,,
589f2f94e4b0314ab22f9596,0.9546174407005309,True,02/11/17,TOTnL,76087
58b85fe0e4b0d23e37735230,0.954201340675354,True,,,
58bdcd83e4b0d23e37738c1e,0.7689892649650574,True,,,.?¢G??
58ac6543e4b08c6e1ec0aabd,0.7675043344497681,True,,,
58ba1492e4b0d23e37735a62,0.9546174407005309,True,,,
58a22268e4b0314ab22f9a9d,0.9487153887748718,True,,,
58ac9e73e4b08c6e1ec0ab38,0.8074632883071899,True,02/20/17,,
58b76ca4e4b0d23e37735051,0.9546174407005309,True,,,
58ba1cdde4b0d23e37735ab1,0.9546174407005309,True,,,
58adb50de4b068eafab0c670,0.8041774034500122,True,,,
58bdb9a7e4b0d23e37738aaa,0.9551894068717957,True,03/06/17,,09663
58b726cde4b0d23e37734f5a,0.9491382241249084,True,02/21/17,6.75,0.44
58bc20c5e4b0d23e37736dbd,0.9546174407005309,True,03/03/17,,
58a007f0e4b0314ab22f9768,0.9546174407005309,True,,BLVD,
58b43749e4b0eec3bce00758,0.9467402696609496,True,02/26/17,35.23,2.99
58b6e533e4b0d23e37734ead,0.9544206261634828,True,02/24/17,.55,.02
58b75ec0e4b0d23e3773502f,0.9546174407005309,True,,,77449
58b48b58e4b0d23e377349d7,0.4661705493927002,False,,,
588f5486e4b090cf9c5a4799,0.4150428473949432,False,,TOTAL,x
589663b9e4b05f998de95a6e,0.9546174407005309,True,,,
589cfb7ae4b0314ab22f92e9,0.9490641355514526,True,02/09/17,,1
58bad58ce4b0d23e37735cc4,0.8848201036453247,True,03/01/17,RIHRRY,
588145a3e4b04c4484df05f1,0.9546174407005309,True,01/14/17,,X
58ae1e98e4b068eafab0c6fb,0.7626971602439879,True,,17.52,
58aa7c10e4b0fe09880455b1,0.9546174407005309,True,,,
58ad51e7e4b08c6e1ec0ac63,0.948977828025818,True,02/22/17,5.76,77433
589fbba1e4b0314ab22f96d6,0.9551894068717957,True,01/27/17,93,
589924eae4b05f998de95de6,0.9494802951812744,True,,,
58879c82e4b05f73db07797e,0.9546174407005309,True,,,
5883c5ace4b04c4484df0737,0.954201340675354,True,,,
5893aa08e4b018a8bfc288e9,0.9467402696609496,True,01/29/17,[9,I51.26
58a600a3e4b0314ab22f9ea5,0.8041774034500122,True,,,%
58a0e9cce4b0314ab22f991e,0.7651948332786559,True,,,
58952309e4b05f998de9588c,0.7592148780822754,True,02/03/17,PURCHASE,
58a38f95e4b0314ab22f9c30,0.4438309073448181,False,,,
589e1f16e4b0314ab22f946a,0.7515227794647217,True,,,
5899fb23e4b05f998de95ebe,0.9546174407005309,True,02/04/17,4,
58922a60e4b018a8bfc287e2,0.9515776634216307,True,,,
588b9bc2e4b090cf9c5a4542,0.8228139281272888,True,01/27/17,,
58840233e4b04c4484df0796,0.9487153887748718,True,,,
58b121ece4b0eec3bce0015f,0.9478421807289124,True,02/94/17,,
58850e80e4b04c4484df080a,0.9487153887748718,True,,,2
5883a9a8e4b04c4484df0719,0.9386659860610962,True,,1.00,
58829befe4b04c4484df06a1,0.7670822739601135,True,,,
58cecf3fe4b06d16e3cd7f7f,0.9007782936096193,True,,,
58b01f48e4b068eafab0c903,0.9487153887748718,True,02/16/17,38.50,
58a8b14ee4b0fe09880452e8,0.9507651925086976,True,,,
58bc8463e4b0d23e37737a59,0.9546174407005309,True,,,
58bcc9b2e4b0d23e37738194,0.9539887309074402,True,,.,
58bc72aee4b0d23e37737807,0.952175796031952,True,03/04/17,,
58bb36dce4b0d23e37736535,0.6738378405570984,True,,201.9%,??¡Ó1YI??¡Ó??¡Ó
58b59f58e4b0d23e37734bf0,0.8091302514076233,True,,,
58bc279de4b0d23e37736e8e,0.9487153887748718,True,,,
58bc60dfe4b0d23e377375db,0.9546174407005309,True,32/25/17,ft.,?¢G??
58af53c0e4b068eafab0c81e,0.9532245993614196,True,02/23/17,,75482
58bb17dae4b0d23e377362bd,0.8185160756111145,True,,,
58bcacb5e4b0d23e37737eea,0.9544206261634828,True,,,
58bb1c36e4b0d23e3773631b,0.9546174407005309,True,,,
58bc4f4ee4b0d23e3773739b,0.8228139281272888,True,02/25/17,,
58bc0932e4b0d23e37736b88,0.9546174407005309,True,,,
58b4e249e4b0d23e37734b05,0.7934011220932007,True,,,
58bc3835e4b0d23e377370db,0.9544206261634828,True,03/03/17,50.,2
58ce88dee4b06d16e3cd7c58,0.9544206261634828,True,,,
58bb7de3e4b0d23e377369b4,0.9546174407005309,True,,,
58bc51bce4b0d23e377373e7,0.9007782936096193,True,03/05/17,105.,
58bc016fe4b0d23e37736b55,0.9546174407005309,True,03/01/17,42.80,1.81
58bc2c9ce4b0d23e37736f34,0.8185160756111145,True,,,
58bea39ee4b0d23e37739422,0.9544206261634828,True,03/06/17,In,???111
58bcec52e4b0d23e37738370,0.954201340675354,True,03/05/17,0.96,
58bc21f3e4b0d23e37736de7,0.9546174407005309,True,,,
58bcd7d8e4b0d23e377382b3,0.9544206261634828,True,,,X
58bc30dae4b0d23e37736fdc,0.7918221354484558,True,,,
58c09d50e4b0d23e3773a661,0.7757666110992432,True,,,
58bb32e1e4b0d23e377364e6,0.9546174407005309,True,03/03/17,,X
58bd907ae4b0d23e377387b4,0.9546174407005309,True,,,
58bc6f71e4b0d23e377377a0,0.954201340675354,True,,,
58c45716e4b06d16e3cd3311,0.9546174407005309,True,,,
58bca95ce4b0d23e37737e8a,0.9491382241249084,True,03/05/17,,%
58bc8656e4b0d23e37737a97,0.954201340675354,True,02/27/17,1.78,
58bca3b9e4b0d23e37737e07,0.9546174407005309,True,03/04/17,,
58bc37b2e4b0d23e377370c7,0.9546174407005309,True,03/03/17,,
58bfde5ae4b0d23e37739f27,0.8149649500846863,True,,,
58beb0f0e4b0d23e37739458,0.8091302514076233,True,,,
58bdc10ce4b0d23e37738b32,0.9515776634216307,True,,,
58bc6db7e4b0d23e37737776,0.9546174407005309,True,,.27,"0,51"
58bc6e85e4b0d23e3773778e,0.9551894068717957,True,03/05/17,$9.42,3.35
58bd8f26e4b0d23e3773879d,0.948494553565979,True,03/05/17,7o,1.?¢G??8
58bd88eee4b0d23e3773873a,0.7438780069351196,True,02/20/17,,
58bc1dd0e4b0d23e37736d6d,0.7651948332786559,True,,,
58badf75e4b0d23e37735da5,0.9467402696609496,True,03/01/17,,
58bea6f1e4b0d23e37739434,0.9546174407005309,True,,,
58bc244de4b0d23e37736e22,0.5117710232734679,True,03/05/17,,
58d41aefe4b06d16e3cda3c2,0.4438309073448181,False,,,
58b8ac7ae4b0d23e37735363,0.936530828475952,True,,,
58be0c93e4b0d23e37739148,0.9551894068717957,True,03/06/17,,
58bc72e2e4b0d23e37737810,0.9551894068717957,True,,:U,
58be09c6e4b0d23e37739119,0.9544206261634828,True,02/21/17,,X
58bc9e3fe4b0d23e37737d61,0.954201340675354,True,,,
58bc79eee4b0d23e377378f6,0.9515776634216307,True,,,76051
58ba0cb5e4b0d23e377359f2,0.954201340675354,True,02/27/17,9.92,
58bb1946e4b0d23e377362dd,0.9493578672409058,True,,,
58b40128e4b0eec3bce006d5,0.7438780069351196,True,,,
58be0559e4b0d23e377390c2,0.9544206261634828,True,02/22/17,12.47,1.25
58ba2098e4b0d23e37735ad2,0.9546174407005309,True,,,
58bb3afde4b0d23e37736587,0.9499244689941406,True,02/25/17,13.,g.
58b8cf89e4b0d23e377353f8,0.942941427230835,True,,,
58baec5ae4b0d23e37735ec8,0.9487153887748718,True,,,
58bc91dae4b0d23e37737bef,0.9544206261634828,True,,,
58bc8829e4b0d23e37737ac6,0.9487153887748718,True,03/03/17,,x
58bb9079e4b0d23e37736a54,0.8062790632247925,True,,,
58b6d49ae4b0d23e37734e6d,0.8074632883071899,True,,,
58bc163be4b0d23e37736c69,0.9546174407005309,True,03/03/17,,
58bca0b8e4b0d23e37737da8,0.9551894068717957,True,,,
58bc4641e4b0d23e3773727a,0.9551894068717957,True,03/04/17,SUBgUTnL,
58bc93aee4b0d23e37737c20,0.952808916568756,True,03/05/17,,
58be0ba9e4b0d23e3773913b,0.8063064217567444,True,,,
58d065bae4b06d16e3cd8c86,0.9539809226989746,True,,,
58bdbbc8e4b0d23e37738ade,0.6009933948516846,True,03/02/17,PURCHRSE,X
58be1759e4b0d23e377391f2,0.7855581641197205,True,,,
58a519fae4b0314ab22f9df4,0.8185202479362488,True,,,
58bc2aa7e4b0d23e37736f01,0.7855581641197205,True,03/05/17,,
58bc51efe4b0d23e377373f1,0.9551894068717957,True,,,75407
58bc6b60e4b0d23e37737716,0.9444460868835448,True,03/01/17,,
58bc4824e4b0d23e377372bc,0.95377779006958,True,,,
58bc18c7e4b0d23e37736cb5,0.9487153887748718,True,,,2n
58bc72f0e4b0d23e37737814,0.9551894068717957,True,03/05/17,13.94,0.10
58bc96b8e4b0d23e37737c90,0.9544206261634828,True,,,2-.
58bc519ae4b0d23e377373e2,0.8158186674118042,True,,,
58bc6297e4b0d23e3773760e,0.8062790632247925,True,03/01/17,41.45,1.72
58bd9480e4b0d23e37738810,0.9544206261634828,True,,,
58bc59b5e4b0d23e377374f7,0.9546174407005309,True,,101.,
58b81c41e4b0d23e3773518d,0.9546174407005309,True,,,
58bcd079e4b0d23e3773821c,0.7855581641197205,True,,,
58bcead1e4b0d23e37738360,0.9487153887748718,True,,TOTAL,
58bddd6ce4b0d23e37738d6a,0.9490641355514526,True,,,1'.)
58bc63c9e4b0d23e37737627,0.9546174407005309,True,02/23/17,,11.00
58bae994e4b0d23e37735e9b,0.9491382241249084,True,03/01/17,,
58cea271e4b06d16e3cd7d35,0.9544206261634828,True,03/06/17,PURCHHSE,X
58bdfd00e4b0d23e3773901c,0.948494553565979,True,03/05/17,.,0.44
58bb5a54e4b0d23e37736754,0.9546174407005309,True,,,2
587bba8de4b0d1a74fe8d627,0.9546174407005309,True,,,
58bc91a2e4b0d23e37737be7,0.9478421807289124,True,,,
58bb0404e4b0d23e377360f7,0.9487153887748718,True,,,.
58bc357fe4b0d23e3773707e,0.8228139281272888,True,03/03/17,5,0.43
5893a802e4b018a8bfc288de,0.9546174407005309,True,01/28/17,35.64,1.51
58bc5af5e4b0d23e3773751e,0.92309832572937,True,,,
58bdd162e4b0d23e37738c6a,0.948494553565979,True,02/23/17,5,
58bcbc5de4b0d23e3773808b,0.7559550404548645,True,02/26/17,',0.
58bd62dfe4b0d23e3773851d,0.4905152916908264,False,,,
58a02952e4b0314ab22f978a,0.954201340675354,True,02/04/17,,
58bb8b16e4b0d23e37736a2e,0.7651948332786559,True,03/02/17,75,.98
58bc0db3e4b0d23e37736bc7,0.1961672157049179,False,,,007301001536
58bdc925e4b0d23e37738bc5,0.9546174407005309,True,03/06/17,,
58bb7001e4b0d23e377368df,0.95377779006958,True,02/24/17,SUBTOTAL,X
58bc460ae4b0d23e37737273,0.9478421807289124,True,,.42,.56
58bdb40ee4b0d23e37738a0f,0.9487153887748718,True,,,
58bcd293e4b0d23e37738256,0.6748740077018738,True,,,
58bb34c1e4b0d23e37736511,0.9490641355514526,True,,,
58bc0f4fe4b0d23e37736be7,0.954201340675354,True,,,
58cea0e4e4b06d16e3cd7d1c,0.9493578672409058,True,,,
58bd546de4b0d23e3773847d,0.9546174407005309,True,02/28/17,PURCHASE,?¢G??
58bd90fee4b0d23e377387bb,0.9460912346839904,True,,39.19,2.84
58c41ee9e4b06d16e3cd2fce,0.948494553565979,True,,,
58a84c41e4b0fe098804521f,0.9487153887748718,True,02/15/17,2_oo,
58caf66ee4b06d16e3cd656e,0.9487153887748718,True,,,
58bcc5f8e4b0d23e37738141,0.9473187327384948,True,,,
58b9ff24e4b0d23e37735977,0.9551894068717957,True,02/20/17,"""-79",
58b9fe62e4b0d23e3773596b,0.5343824028968811,True,,,
58bde186e4b0d23e37738dab,0.948494553565979,True,03/06/17,54.,1.
58bea3cee4b0d23e37739424,0.9473187327384948,True,,,x
58bc4e5ae4b0d23e37737379,0.9551894068717957,True,03/06/17,.,"3,63"
58c24d9be4b06d16e3cd21cd,0.9386053681373596,True,,,
58bcc4f5e4b0d23e37738125,0.9478421807289124,True,,,
58cfade6e4b06d16e3cd8612,0.9551894068717957,True,,45.02,0.24
58c0a5c3e4b0d23e3773a6b5,0.6989457011222839,True,,,
58bc1a3de4b0d23e37736cec,0.9467402696609496,True,,,
58bc657fe4b0d23e37737658,0.9546174407005309,True,,,2
58b9be3ae4b0d23e377356b6,0.9544206261634828,True,02/24/17,,
58ccec61e4b06d16e3cd7202,0.9546174407005309,True,,,
58bd656ae4b0d23e37738540,0.9466195106506348,True,03/06/17,-,
58bc4838e4b0d23e377372c1,0.19570444524288175,False,,,
58ba055ce4b0d23e377359c1,0.9487153887748718,True,,,
58be3e6ae4b0d23e37739399,0.9546174407005309,True,03/04/17,54,
58be3ccbe4b0d23e37739390,0.9551894068717957,True,02/24/17,.98,
58cfd63ae4b06d16e3cd86e4,0.9053009152412416,True,03/13/17,.,081106801100
58be2657e4b0d23e377392a9,0.954201340675354,True,02/25/17,24.52,2.02
58be4c84e4b0d23e377393c4,0.9493578672409058,True,,,
58be216ae4b0d23e37739267,0.9551894068717957,True,03/00/17,0,09
58bde314e4b0d23e37738dd4,0.9546174407005309,True,03/05/17,PURCHASE,007169149961
58be16f4e4b0d23e377391e8,0.494789719581604,False,,,
58bc42f4e4b0d23e3773720c,0.954201340675354,True,03/05/17,0.66,0.01
58bc6fa4e4b0d23e377377a7,0.9546174407005309,True,,,
58bc5e20e4b0d23e37737585,0.8027231693267822,True,,,0.82
58bdfd70e4b0d23e37739022,0.5705611705780029,True,,,
58bc65b6e4b0d23e37737662,0.9546174407005309,True,,,
58bdf929e4b0d23e37738fba,0.9515776634216307,True,,,
58bdea65e4b0d23e37738e76,0.9507651925086976,True,,,
58bc6c67e4b0d23e37737740,0.9478421807289124,True,03/03/17,"PURCH?????""",%
58bde0c7e4b0d23e37738d99,0.8185160756111145,True,,110.86,2.40
58bc9a15e4b0d23e37737cf2,0.9546174407005309,True,03/05/17,25.54,75/01
58bc134fe4b0d23e37736c47,0.9546174407005309,True,,64.62,0.65
58bdbb39e4b0d23e37738ad0,0.934246301651001,True,,,
58bdc47be4b0d23e37738b6e,0.9551894068717957,True,03/03/17,,
58bdc802e4b0d23e37738ba3,0.9546174407005309,True,03/06/17,,
58bdc456e4b0d23e37738b6c,0.9487153887748718,True,,98.,
58bda04fe4b0d23e377388e7,0.9499244689941406,True,,,x
58bd91d1e4b0d23e377387d6,0.9544206261634828,True,02/21/17,PURCHHSE,x
58b3676fe4b0eec3bce00617,0.8074632883071899,True,,,
58bde10ce4b0d23e37738d9f,0.9487153887748718,True,,,
58bda523e4b0d23e37738934,0.9490641355514526,True,02/25/17,.13,.55
58bd9fcee4b0d23e377388d8,0.9487153887748718,True,,.09,
58bdf361e4b0d23e37738f40,0.9546174407005309,True,02/26/17,50.04,
58bd9846e4b0d23e3773884f,0.9546174407005309,True,03/04/17,,X
58bd9d18e4b0d23e377388ad,0.947240114212036,True,03/04/17,15.97,0.96
58bd572be4b0d23e3773848f,0.9467402696609496,True,,,
58bdc5bfe4b0d23e37738b7d,0.927958071231842,True,03/06/17,34.18,1.53
58b6953de4b0d23e37734dfd,0.4397912323474884,False,,,
58bd918de4b0d23e377387d0,0.954201340675354,True,02/23/17,14.88,0.83
58be1092e4b0d23e3773917e,0.7934011220932007,True,,100.,"0,"
58c08134e4b0d23e3773a4c0,0.9487153887748718,True,,,
58bd7e94e4b0d23e3773869b,0.9546174407005309,True,,4.92,0.05
58bd8615e4b0d23e3773870b,0.9546174407005309,True,03/06/17,,
58bc60d0e4b0d23e377375d6,0.9487153887748718,True,,.82,2.13
58bcabf7e4b0d23e37737ed3,0.8091302514076233,True,03/04/17,PURCHHSE,500%
58b76012e4b0d23e37735031,0.9546174407005309,True,03/01/17,,3.11
58bf037ee4b0d23e3773984b,0.9487153887748718,True,03/05/17,57.40,2.15
58bd6d72e4b0d23e377385b9,0.9487153887748718,True,,,X
58bce6b1e4b0d23e37738342,0.9544206261634828,True,02/18/17,11.70,
58be08b4e4b0d23e377390fe,0.9544206261634828,True,03/06/17,,
58bce693e4b0d23e3773833f,0.9477726817131042,True,,,
58bd7e6be4b0d23e37738697,0.9546174407005309,True,,,
58bcf236e4b0d23e377383aa,0.9452902674674988,True,,,I
58bdc745e4b0d23e37738b97,0.9546174407005309,True,,.89,
58bcdf1ce4b0d23e377382f9,0.9460912346839904,True,,,
58bca25ae4b0d23e37737dd1,0.9467402696609496,True,03/05/17,,3
58a66fa6e4b0314ab22f9f6d,0.945207178592682,True,02/16/17,,
58bb214ae4b0d23e37736371,0.9546174407005309,True,,,
58bd9e37e4b0d23e377388bc,0.9546174407005309,True,,,
58bcc716e4b0d23e37738158,0.9544206261634828,True,03/05/17,PURCHHSE,X
58bc4ef7e4b0d23e3773738f,0.9499244689941406,True,02/09/17,,77904
58bdabd3e4b0d23e3773898f,0.9544206261634828,True,,,
58bc919ce4b0d23e37737be6,0.932748794555664,True,03/05/17,,
58bcb202e4b0d23e37737f81,0.9487153887748718,True,,,
58bca992e4b0d23e37737e91,0.9493578672409058,True,03/03/17,.85,.45
58bc710ce4b0d23e377377d9,0.9544206261634828,True,,,
58bce696e4b0d23e37738340,0.9487153887748718,True,03/00/17,,
58bc94ade4b0d23e37737c3a,0.8074632883071899,True,,,
58b9af88e4b0d23e377355a6,0.9487153887748718,True,,,
58bc93e2e4b0d23e37737c26,0.9539809226989746,True,03/05/17,,75801
58be200ce4b0d23e3773925e,0.9539887309074402,True,,,
58bc906be4b0d23e37737bca,0.8108272552490234,True,,,
58c0b87fe4b0d23e3773a796,0.8027231693267822,True,,,
58bc8615e4b0d23e37737a8d,0.4938477873802185,False,,,
58bc9777e4b0d23e37737ca6,0.9452902674674988,True,02/24/17,23.60,1.70
58bc3bc3e4b0d23e37737155,0.9515776634216307,True,,,1.03)
58ba1bc7e4b0d23e37735aa5,0.9241961836814879,True,,,
58bc9c87e4b0d23e37737d30,0.9546174407005309,True,,,
58bc7ae5e4b0d23e3773790a,0.9546174407005309,True,,,
58bde680e4b0d23e37738e19,0.9546174407005309,True,03/06/17,,X
58bc7755e4b0d23e377378a3,0.7752892374992371,True,03/04/17,,
58bc7696e4b0d23e37737888,0.7752892374992371,True,,,
58bc7632e4b0d23e37737874,0.9544206261634828,True,02/21/17,PURCHASE,77327
58bc6e35e4b0d23e37737788,0.9007782936096193,True,,,
58bc6a77e4b0d23e377376f9,0.9494104385375975,True,03/05/17,,X
58bc672ce4b0d23e3773768c,0.8185160756111145,True,,,
58bc6a50e4b0d23e377376f3,0.95377779006958,True,,,
58bc6070e4b0d23e377375cc,0.8074632883071899,True,,,
58bc6064e4b0d23e377375cb,0.9546174407005309,True,,,
58be176ae4b0d23e377391f9,0.9546174407005309,True,02/21/17,81.,1.
58bc65b5e4b0d23e37737661,0.9546174407005309,True,03/05/17,.,x
58bc627ee4b0d23e3773760b,0.9500849843025208,True,01/03/17,,
58bc95afe4b0d23e37737c64,0.8041774034500122,True,03/04/17,,
58bc3c4be4b0d23e3773715d,0.952175796031952,True,,,
58bc0dbae4b0d23e37736bc8,0.954201340675354,True,,PURCHASE,%
58bc819ae4b0d23e37737a02,0.568082332611084,True,,,
58bc1a9ee4b0d23e37736cf9,0.8108272552490234,True,,,.6?
58bc4a70e4b0d23e3773730e,0.9551894068717957,True,,,
58bc3218e4b0d23e3773700e,0.9444368481636048,True,,,
58bb4e93e4b0d23e377366b1,0.9487153887748718,True,,,
58bb0bd8e4b0d23e377361b0,0.7918221354484558,True,,18.12,
58bc920ce4b0d23e37737bf9,0.94955313205719,True,03/05/17,,
58bc173de4b0d23e37736c85,0.8185160756111145,True,03/04/17,,
58bc475fe4b0d23e377372a4,0.7324553132057191,True,,18,
58abad50e4b08c6e1ec0aa21,0.9544206261634828,True,02/20/17,,1
58b85b91e4b0d23e37735224,0.7757666110992432,True,,,007940026370
58bcac43e4b0d23e37737edc,0.9546174407005309,True,02/20/17,,001980040109
58badd1ee4b0d23e37735d72,0.9546174407005309,True,,145.31,
58bc45afe4b0d23e37737269,0.9487153887748718,True,,,
58bc0b06e4b0d23e37736b97,0.8108272552490234,True,02/24/17,PURCHRSE,X
58bd8b25e4b0d23e37738753,0.9539887309074402,True,,,76384
589cff32e4b0314ab22f92ef,0.954201340675354,True,02/02/17,,
58bc5014e4b0d23e377373b4,0.9544206261634828,True,08/04/17,9.56,
58bc34d3e4b0d23e3773706b,0.9467402696609496,True,03/05/17,55.76,
58a0c573e4b0314ab22f9844,0.9539887309074402,True,,,
58bc38a0e4b0d23e377370f1,0.7651948332786559,True,,,
58bb3327e4b0d23e377364ef,0.9487153887748718,True,03/03/17,,
58bcac97e4b0d23e37737ee9,0.7324553132057191,True,03/03/17,,
58bc380be4b0d23e377370d2,0.9487153887748718,True,,,:I
58bc3851e4b0d23e377370e2,0.95377779006958,True,,,
58bc7190e4b0d23e377377e6,0.9546174407005309,True,,,x
58bc16c8e4b0d23e37736c78,0.9478421807289124,True,,,
58bc33d1e4b0d23e37737046,0.9487153887748718,True,02/25/17,,
58be2683e4b0d23e377392ab,0.7576943039894104,True,,2.55,
58bc1ebee4b0d23e37736d85,0.9546174407005309,True,,,
58bc31c7e4b0d23e37737007,0.9546174407005309,True,,,
58bc2e39e4b0d23e37736f6b,0.9546174407005309,True,,.72,
58bc6339e4b0d23e37737616,0.94584321975708,True,02/26/17,,
58bd7577e4b0d23e37738627,0.954201340675354,True,,60,%
58bc087de4b0d23e37736b7f,0.9546174407005309,True,02/23/17,J',1.
58bc3840e4b0d23e377370df,0.9546174407005309,True,,,
58bc2d1ae4b0d23e37736f43,0.9546174407005309,True,03/04/17,PURCHHSE,
58bd60b3e4b0d23e37738501,0.9544206261634828,True,03/05/17,,X
58bade82e4b0d23e37735d90,0.9546174407005309,True,,,
58bc2abce4b0d23e37736f02,0.9487153887748718,True,,IHHRY,
58bc0852e4b0d23e37736b7d,0.9546174407005309,True,,,
58b338fde4b0eec3bce0054a,0.9460912346839904,True,02/26/17,,TDTRL
58bdcdfae4b0d23e37738c28,0.9544206261634828,True,,25.99,
58c47264e4b06d16e3cd34ca,0.9487153887748718,True,,,
58bc20a0e4b0d23e37736db5,0.8845129013061523,True,,,
58bdb218e4b0d23e377389f6,0.7504626512527466,True,,,
58bc899de4b0d23e37737aed,0.954201340675354,True,,26,
589922cee4b05f998de95ddf,0.95377779006958,True,,,X
58bc2421e4b0d23e37736e1c,0.9544206261634828,True,,,
58b2d529e4b0eec3bce0042e,0.7855581641197205,True,,,
58aec2d6e4b068eafab0c775,0.9515776634216307,True,,,
58bca562e4b0d23e37737e2b,0.9487153887748718,True,03/04/17,,
58bdbed0e4b0d23e37738b0e,0.9144277572631836,True,03/06/17,13.15,
58bd8bfde4b0d23e37738764,0.9499244689941406,True,03/06/17,,.21
58c04a59e4b0d23e3773a23d,0.8027231693267822,True,,,
58bcbeaae4b0d23e377380b4,0.9546174407005309,True,,,
58bb20bce4b0d23e37736369,0.9515776634216307,True,,,
58bbb14be4b0d23e37736ae7,0.9539887309074402,True,03/02/17,,
58bd00efe4b0d23e377383ea,0.7594169974327087,True,,,
58bda7b8e4b0d23e37738961,0.9487153887748718,True,,,
58bc7d2ee4b0d23e37737962,0.9546174407005309,True,03/06/17,64.87,1
58bc641fe4b0d23e3773762e,0.18627668917179108,False,03/05/17,,
58bc110de4b0d23e37736c06,0.7855581641197205,True,,,
58bd6554e4b0d23e3773853d,0.9499244689941406,True,03/95/17,,.38
58bc0d19e4b0d23e37736bb9,0.9473187327384948,True,03/04/17,99,
58bc0c2ce4b0d23e37736ba8,0.9546174407005309,True,,4,05664
58bbcb04e4b0d23e37736b0d,0.9546174407005309,True,,48.88,
58bc0740e4b0d23e37736b73,0.8074632883071899,True,,,
58bc02a7e4b0d23e37736b5b,0.95377779006958,True,,,
58bbbae2e4b0d23e37736aee,0.8158186674118042,True,,,
58bb91e1e4b0d23e37736a60,0.954201340675354,True,03/04/17,6.06,
58bb4135e4b0d23e377365fd,0.945974349975586,True,,.5,
58bb77cfe4b0d23e37736962,0.9546174407005309,True,03/02/17,,
58bb0f88e4b0d23e377361f3,0.9544206261634828,True,03/04/17,.11,
58bc1e07e4b0d23e37736d73,0.7885084748268127,True,,SUBAR,
58bb740be4b0d23e37736920,0.7985031604766846,True,,,79124
58be0fb0e4b0d23e37739171,0.7626971602439879,True,,,
58b6ff80e4b0d23e37734f08,0.7190581560134888,True,02/25/17,31.66,
58bc615ee4b0d23e377375ed,0.9546174407005309,True,03/05/17,,
58b85b67e4b0d23e37735222,0.9487153887748718,True,,,77406
58a70a40e4b0fe09880450bb,0.8063064217567444,True,,,75146
58baddc4e4b0d23e37735d88,0.8185160756111145,True,,0,1
58bdf9a5e4b0d23e37738fc4,0.9487153887748718,True,,,
58bafe4ce4b0d23e377360a6,0.9546174407005309,True,,,
58bb28e3e4b0d23e3773640d,0.9546174407005309,True,,,
58bded88e4b0d23e37738ec6,0.9546174407005309,True,,,1
58ba10cde4b0d23e37735a26,0.9551894068717957,True,,,
58987743e4b05f998de95cf6,0.8158186674118042,True,,,
58bb7389e4b0d23e37736916,0.9477726817131042,True,,,
58bc729de4b0d23e37737806,0.954201340675354,True,03/05/17,,0.13
58bc9328e4b0d23e37737c12,0.9544206261634828,True,,,
58bb7ae9e4b0d23e37736994,0.4904076457023621,False,,,
58bb7b83e4b0d23e3773699f,0.954201340675354,True,03/01/17,8.16,75244
58bb749ee4b0d23e3773692a,0.948494553565979,True,02/27/17,,
58b197a2e4b0eec3bce001ad,0.9546174407005309,True,,,
58bc1f1ae4b0d23e37736d92,0.8074632883071899,True,,,
58bb65ece4b0d23e37736842,0.9546174407005309,True,,,
58cf2395e4b06d16e3cd8425,0.9551894068717957,True,03/04/17,94,
58b9ce6ce4b0d23e377357a2,0.9225409030914308,True,,,76028
58b06067e4b05f7a051930c1,0.8091302514076233,True,,PURCHRSE,X
58bb63a6e4b0d23e37736812,0.9493578672409058,True,,,
58bca3c0e4b0d23e37737e08,0.954201340675354,True,03/05/17,10.78,
588cff7ee4b090cf9c5a462a,0.95377779006958,True,,,
58a24f9be4b0314ab22f9af4,0.9546174407005309,True,,,
58bb3b92e4b0d23e37736591,0.9544206261634828,True,02/11/17,,x
58bae2d3e4b0d23e37735dfe,0.9225409030914308,True,02/28/17,38.72,0.96
58bb1938e4b0d23e377362db,0.954201340675354,True,,,
58bb1b00e4b0d23e377362fe,0.9544206261634828,True,,,
58b9afd5e4b0d23e377355ae,0.9487153887748718,True,,,
58ad4e3be4b08c6e1ec0ac61,0.9386659860610962,True,,,
58bb56cee4b0d23e37736723,0.9546174407005309,True,03/03/17,,
58bb590de4b0d23e37736740,0.9539887309074402,True,03/02/17,98,0.01
58bc85d9e4b0d23e37737a84,0.7934011220932007,True,,,X
58bdb0ffe4b0d23e377389e4,0.9487153887748718,True,,,
58be173be4b0d23e377391ef,0.9546174407005309,True,03/05/17,136.32,79423
58bd51f1e4b0d23e37738473,0.954201340675354,True,03/03/13,,
58a0288de4b0314ab22f9786,0.954201340675354,True,,,
58baeec9e4b0d23e37735f07,0.95377779006958,True,02/20/17,,
58bcdc5ae4b0d23e377382d5,0.9487153887748718,True,,,
58bb9e22e4b0d23e37736aac,0.8185160756111145,True,,,
58bb5f1ce4b0d23e377367ba,0.9546174407005309,True,03/03/17,78.85,4.50
58bd6104e4b0d23e37738507,0.8108272552490234,True,,,
58bb3b97e4b0d23e37736592,0.9487153887748718,True,,,(I?¢G??ll
58bb459ce4b0d23e3773663d,0.9546174407005309,True,,PURCHHSE,X
58b3f958e4b0eec3bce006c6,0.568082332611084,True,,,
58bc997be4b0d23e37737cdf,0.9546174407005309,True,03/05/17,a,
58b209bde4b0eec3bce00338,0.9551894068717957,True,02/25/17,,
58badbc1e4b0d23e37735d48,0.948494553565979,True,12/16/16,,
58bb61d9e4b0d23e377367f3,0.8087812662124634,True,03/04/17,.49,
58bb259ae4b0d23e377363ba,0.9544206261634828,True,03/01/17,PURCHASE,X
58bb19b5e4b0d23e377362e4,0.952175796031952,True,03/04/17,140.98,3.57
58bdd64de4b0d23e37738ccb,0.9336742758750916,True,03/06/17,,
58bc498be4b0d23e377372ec,0.8185160756111145,True,,PURCHRSE,75149
58b9c7f4e4b0d23e37735745,0.9487153887748718,True,,,
58bb5d8fe4b0d23e377367a5,0.9546174407005309,True,,,
58baeea7e4b0d23e37735f04,0.8087812662124634,True,03/04/17,58.23,77339
58bb396de4b0d23e37736563,0.9546174407005309,True,,,
58bb1157e4b0d23e3773622d,0.9487153887748718,True,03/04/17,,_
58bb7beae4b0d23e377369a4,0.948373794555664,True,02/26/17,7.61,
58bb9352e4b0d23e37736a6e,0.6686700582504272,True,,14.80,
58bb210ee4b0d23e3773636c,0.9546174407005309,True,,,
58b3f93ae4b0eec3bce006c5,0.5096494555473328,True,,,
58bb251de4b0d23e377363ab,0.8787786960601807,True,02/26/17,71,
58c098e1e4b0d23e3773a617,0.9499244689941406,True,,11.70,0.35
58bc951de4b0d23e37737c49,0.7504626512527466,True,,,
58bce622e4b0d23e37738335,0.9484091997146606,True,,10.69,16
58bb7cb9e4b0d23e377369aa,0.95377779006958,True,,bI.?¢G??36,)1
58bae101e4b0d23e37735dc9,0.8063064217567444,True,,,
58bb187ee4b0d23e377362c8,0.7885084748268127,True,,,
58854746e4b04c4484df0857,0.9493578672409058,True,,4,F
58bb7fd0e4b0d23e377369d0,0.9546174407005309,True,,,
58bb134be4b0d23e3773624f,0.9546174407005309,True,03/03/17,PURCHASE,
58bd871fe4b0d23e37738718,0.9546174407005309,True,02/25/17,,
5892b225e4b018a8bfc28869,0.9241961836814879,True,,,
58ba1358e4b0d23e37735a4c,0.954201340675354,True,02/28/17,PURCHRSE,
58bb168de4b0d23e377362a1,0.9487153887748718,True,02/26/17,30.36,1.10
58bb14cce4b0d23e3773627b,0.7855581641197205,True,03/03/17,110.01,4.65
58bc7edee4b0d23e3773799d,0.954201340675354,True,03/05/17,,
58b82a03e4b0d23e377351b5,0.7934011220932007,True,,,
58b8143fe4b0d23e37735177,0.9546174407005309,True,03/01/17,,
58ba59cbe4b0d23e37735bd1,0.8074632883071899,True,,,
58bb5c12e4b0d23e3773677b,0.9539809226989746,True,02/28/17,2.00,0.18
58b3bf0de4b0eec3bce006a3,0.4607602059841156,False,,,
5884d320e4b04c4484df07da,0.9546174407005309,True,01/12/17,,
58bc1866e4b0d23e37736ca5,0.9546174407005309,True,,,
58baf71be4b0d23e37735ff3,0.9544206261634828,True,,5.10,0.10
58bb1659e4b0d23e3773629e,0.9546174407005309,True,,,
58bb0692e4b0d23e3773612c,0.9484091997146606,True,,,
58ba66b3e4b0d23e37735bd7,0.7752892374992371,True,,,
589c2998e4b05f998de96154,0.9551894068717957,True,02/03/17,16.10,0.87
58964ad0e4b05f998de95a15,0.9546174407005309,True,,,
58bafc22e4b0d23e3773606d,0.9487153887748718,True,,,
58a5e971e4b0314ab22f9e67,0.4951297044754028,False,,,
58bb0777e4b0d23e3773613f,0.6031507849693298,True,,,
58baf2ade4b0d23e37735f7f,0.9546174407005309,True,,,X
58a41ec8e4b0314ab22f9cad,0.9539887309074402,True,02/09/17,4.00,0.28
58baf64ee4b0d23e37735fe4,0.9546174407005309,True,02/27/17,PURCHASE,X
58bb69d1e4b0d23e37736872,0.9546174407005309,True,,,
58baeb2be4b0d23e37735eb3,0.9532245993614196,True,03/03/17,PURCHASE,2
5897908de4b05f998de95c05,0.9546174407005309,True,,,
58bc958be4b0d23e37737c61,0.5318641662597656,True,,,
58baf29ce4b0d23e37735f7d,0.9546174407005309,True,02/26/17,SUBTOTAL,x
58be1734e4b0d23e377391ed,0.6653025150299072,True,,,
58978e04e4b05f998de95bff,0.9546174407005309,True,,,
58b9f59de4b0d23e37735919,0.9544206261634828,True,02/18/17,,0.4?
58ba1a9de4b0d23e37735a99,0.568082332611084,True,,,
58baefd8e4b0d23e37735f38,0.95377779006958,True,,,
58b0a38de4b05f7a0519314a,0.9546174407005309,True,,,
588f77a7e4b090cf9c5a47cc,0.954201340675354,True,,,
58b74a37e4b0d23e37734fdd,0.9546174407005309,True,03/01/17,.96,124
58af8511e4b068eafab0c887,0.9487153887748718,True,,,
58badef6e4b0d23e37735d9a,0.9551894068717957,True,02/21/17,11.38,
58baef58e4b0d23e37735f26,0.9487153887748718,True,,,.h/
58baed84e4b0d23e37735ee4,0.9490641355514526,True,,,
58b9b6cde4b0d23e3773562b,0.9546174407005309,True,03/02/17,,
58baf6c1e4b0d23e37735feb,0.95377779006958,True,03/03/17,,%
58bada44e4b0d23e37735d16,0.9546174407005309,True,02/28/17,,
58bcd4e3e4b0d23e37738282,0.9546174407005309,True,,4,
5896ab49e4b05f998de95afd,0.8074632883071899,True,,,
58bac419e4b0d23e37735c30,0.9487153887748718,True,02/05/17,,
58b1dddae4b0eec3bce0028e,0.9546174407005309,True,,,
587685a3e4b0087d2c8a0709,0.9546174407005309,True,01/09/17,X,2.41
58bae219e4b0d23e37735de8,0.9515776634216307,True,,119.99,2
58b9df36e4b0d23e3773585d,0.6551777720451355,True,,,
58b76bc3e4b0d23e3773504e,0.9546174407005309,True,,"1L,94",?¢G??12
58af8dcce4b068eafab0c897,0.9487153887748718,True,02/18/17,30.,l
58afb231e4b068eafab0c8d4,0.7776520848274231,True,02/22/17,,8
58b72cb5e4b0d23e37734f66,0.7670822739601135,True,,,
58b81c1be4b0d23e3773518c,0.9544206261634828,True,,,
58adb6d5e4b068eafab0c671,0.8074632883071899,True,,,LRG
587135b3e4b0e80f9e3c24f1,0.9544206261634828,True,01/01/17,12.01,
58bdfa84e4b0d23e37738fdf,0.9414436221122742,True,,,007830006306
58a023a3e4b0314ab22f977b,0.92309832572937,True,,PURCHASE,
58bc7333e4b0d23e3773781b,0.9544206261634828,True,03/04/17,39.59,79606
58bae052e4b0d23e37735db2,0.95377779006958,True,02/20/17,,
58bb928fe4b0d23e37736a67,0.9460912346839904,True,,,
58bae1a3e4b0d23e37735dd6,0.9474130272865297,True,,115.66,7-00
58bc9217e4b0d23e37737bfa,0.7958078384399414,True,03/05/17,112.82,F
58b3545ce4b0eec3bce005b5,0.9546174407005309,True,02/26/17,F,X
58b660b7e4b0d23e37734dd7,0.5947805643081665,True,,,
58b4b739e4b0d23e37734a5b,0.7671917676925659,True,,,
58bae054e4b0d23e37735db3,0.7243476510047913,True,,,2
58a3a207e4b0314ab22f9c43,0.9544206261634828,True,02/13/17,,
58baeb33e4b0d23e37735eb4,0.7918221354484558,True,,,
58a83eb5e4b0fe09880451f7,0.9493578672409058,True,,,
58bb2308e4b0d23e37736388,0.9546174407005309,True,03/03/17,PURCHRSE,X
58badbc8e4b0d23e37735d4c,0.94773530960083,True,,,75302
58b5ff2de4b0d23e37734cbd,0.9467402696609496,True,,66.00,2.92
58a71311e4b0fe09880450c3,0.9515776634216307,True,02/13/17,1,
58b9a94ae4b0d23e3773553f,0.9487153887748718,True,,,
58b475dbe4b0eec3bce0085a,0.9544206261634828,True,02/25/17,.,
58cf6b96e4b06d16e3cd85df,0.9444460868835448,True,,5.94,0.46
58bae77de4b0d23e37735e74,0.9551894068717957,True,02/28/17,.,X
58bad464e4b0d23e37735ca7,0.9539887309074402,True,,,500%
58a8d1afe4b0fe098804535c,0.7671917676925659,True,02/18/17,,4?¢G??-
58ba0099e4b0d23e37735988,0.9546174407005309,True,,,
58b9bcb3e4b0d23e3773569a,0.9546174407005309,True,03/02/17,,8
58b22a1fe4b0eec3bce00381,0.9487153887748718,True,,,
58b769f2e4b0d23e37735049,0.9546174407005309,True,,,
58704d39e4b0e80f9e3c24cd,0.425541490316391,False,,,1
58bab926e4b0d23e37735c01,0.8041774034500122,True,,,
58b4ae49e4b0d23e37734a3d,0.9546174407005309,True,,,
58baa2f2e4b0d23e37735be8,0.7670822739601135,True,,10,X
58a0238ee4b0314ab22f977a,0.948977828025818,True,01/31/17,,X
58b9ed5ae4b0d23e377358da,0.9491382241249084,True,02/27/17,8.63,
58b9ec11e4b0d23e377358c4,0.9539887309074402,True,,PURCHASE,
58a89fa3e4b0fe09880452c7,0.7243476510047913,True,,19.10,
58b6f326e4b0d23e37734ee5,0.9472690224647522,True,,,
58b9b36ae4b0d23e377355fd,0.9487153887748718,True,,,5
58bb1e62e4b0d23e3773633b,0.9546174407005309,True,,,
58bc8aace4b0d23e37737b22,0.94460529088974,True,,,
5871c15de4b0e80f9e3c252a,0.954201340675354,True,01/02/17,29.16,1.02
58ba0c24e4b0d23e377359ec,0.9546174407005309,True,,28.08,0.52
58bb3317e4b0d23e377364ee,0.954201340675354,True,,,
58a44989e4b0314ab22f9cc0,0.9551894068717957,True,02/14/17,27.12,
58ba1b24e4b0d23e37735a9f,0.9487153887748718,True,,,
58b7a449e4b0d23e3773510a,0.94584321975708,True,,PURCHASE,06429
58ba0bdce4b0d23e377359ea,0.9463348984718324,True,,,
58add176e4b068eafab0c689,0.530977725982666,True,,,
58bac38ee4b0d23e37735c2a,0.8063064217567444,True,,,
58b50612e4b0d23e37734b59,0.9544206261634828,True,,,
58b8874de4b0d23e377352cd,0.7985031604766846,True,,,
58b9b010e4b0d23e377355b2,0.9551894068717957,True,,,
58b50405e4b0d23e37734b4c,0.907763421535492,True,,,
58b0b72ee4b05f7a0519318f,0.954201340675354,True,02/24/17,,E
58b9b496e4b0d23e37735611,0.9487153887748718,True,,,
58af387ce4b068eafab0c7fb,0.9539887309074402,True,,,
58914831e4b090cf9c5a4953,0.954201340675354,True,,,
58b73469e4b0d23e37734f83,0.8848201036453247,True,,30,75160
58b1d345e4b0eec3bce00274,0.9487153887748718,True,02/10/17,,
58ba2b60e4b0d23e37735b08,0.9487153887748718,True,,,
58b8cf0fe4b0d23e377353f6,0.8185160756111145,True,02/19/17,,2
58ba34fce4b0d23e37735b32,0.9551894068717957,True,,,
58c5baeee4b06d16e3cd409f,0.8158186674118042,True,,,
58a88473e4b0fe098804528b,0.947240114212036,True,02/17/17,,x
58a76eb4e4b0fe0988045154,0.7934011220932007,True,,,
58b4a01ae4b0d23e37734a11,0.9492215514183044,True,02/26/17,PURCHRSE,x
58bccf78e4b0d23e377381fe,0.7918221354484558,True,,,
58af7c56e4b068eafab0c86c,0.9544206261634828,True,,,
58b9b181e4b0d23e377355ce,0.8185160756111145,True,,88.97,01389
58bb5333e4b0d23e377366ed,0.9546174407005309,True,03/01/17,.,08896
58a08975e4b0314ab22f97c3,0.7885084748268127,True,02/04/17,,
58bb41e4e4b0d23e37736603,0.9473955631256104,True,,15.94,77351
58979b2be4b05f998de95c13,0.7576943039894104,True,,,
58ba0791e4b0d23e377359c7,0.9546174407005309,True,,,
58bb7ceee4b0d23e377369ac,0.9546174407005309,True,,54.68,
58bdf74ee4b0d23e37738f8a,0.9546174407005309,True,,57.8,2.87
58b079d5e4b05f7a051930e1,0.9507651925086976,True,02/19/17,,X
58bdf365e4b0d23e37738f41,0.7784220576286316,True,,.,X
58ab79fee4b08c6e1ec0a9be,0.9328871369361876,True,,,75401
58b726b3e4b0d23e37734f58,0.9544206261634828,True,02/28/17,,
58b22896e4b0eec3bce0037b,0.954201340675354,True,,,X
58ba03eae4b0d23e377359b8,0.9546174407005309,True,01/02/17,",",
58bc93a5e4b0d23e37737c1e,0.9413067102432252,True,,,
58bb3af2e4b0d23e37736586,0.9551894068717957,True,03/04/17,,?¢G??2
58951e23e4b05f998de95884,0.8041774034500122,True,02/03/17,33.,
58b806eae4b0d23e37735165,0.9477726817131042,True,02/28/17,,
58b99c73e4b0d23e37735511,0.4454784095287323,False,,,
58b8f08be4b0d23e37735446,0.9539887309074402,True,03/01/17,,
58797e74e4b0d1a74fe8d514,0.9493578672409058,True,,,
58aa3199e4b0fe0988045537,0.6686700582504272,True,02/19/17,9.50,
58b9d883e4b0d23e37735828,0.9546174407005309,True,,SUBTUTHL,
58b8d104e4b0d23e37735402,0.7190581560134888,True,02/28/17,13.72,0.96
58bc486ee4b0d23e377372c6,0.9546174407005309,True,,,
58b82550e4b0d23e377351ad,0.9546174407005309,True,02/18/17,TOTHL,
58a76f17e4b0fe0988045156,0.568082332611084,True,,,
58bbbde0e4b0d23e37736af5,0.8185160756111145,True,,,
58a0a3cfe4b0314ab22f97f5,0.9467402696609496,True,,,
58b9b91ae4b0d23e37735653,0.9546174407005309,True,03/03/17,,
58a83e17e4b0fe09880451f5,0.8091302514076233,True,02/12/17,,
58bc1c4fe4b0d23e37736d32,0.9007782936096193,True,,,75067
589a94d4e4b05f998de95fcd,0.9487153887748718,True,,,
58ac9fd7e4b08c6e1ec0ab3b,0.9473187327384948,True,02/21/17,,X
58ba1beee4b0d23e37735aa8,0.95377779006958,True,03/03/17,,
58c1aa95e4b06d16e3cd1a9c,0.9007782936096193,True,,,
58b9c435e4b0d23e37735716,0.9546174407005309,True,,70.28,1.97
58baf646e4b0d23e37735fe3,0.9487153887748718,True,,,
58a84ac1e4b0fe0988045214,0.9546174407005309,True,02/11/17,,
58c1ae33e4b06d16e3cd1abf,0.568082332611084,True,,,
58b9cd9de4b0d23e37735795,0.8074632883071899,True,,,
58b4a7e6e4b0d23e37734a2c,0.9544206261634828,True,02/26/17,,
58bc7e2ae4b0d23e37737987,0.9551894068717957,True,,,
58b9be7de4b0d23e377356bb,0.9546174407005309,True,,,
58b8ca86e4b0d23e377353dd,0.9493578672409058,True,,,%
58b9b7c8e4b0d23e37735638,0.8185160756111145,True,,,1u.
58759c5be4b0087d2c8a06d3,0.9544206261634828,True,,L,
58aa12e8e4b0fe09880454f9,0.9544206261634828,True,02/19/17,7.56,0.24
58b9f26ae4b0d23e3773590c,0.9487153887748718,True,,,
58b9b61ae4b0d23e37735627,0.9551894068717957,True,02/25/17,.89,.50
58bda9a9e4b0d23e37738975,0.530977725982666,True,,,
589fa25ae4b0314ab22f969b,0.568082332611084,True,,,
58be1c40e4b0d23e37739239,0.9551894068717957,True,,,
58b65ec5e4b0d23e37734dd3,0.8091302514076233,True,,TOIAL,x
58b82af6e4b0d23e377351bd,0.7757666110992432,True,,,'1
58bb5ba7e4b0d23e3773676e,0.9413067102432252,True,,2.76,
58b71fe8e4b0d23e37734f3f,0.9546174407005309,True,,72.0,1.26
58a0deb9e4b0314ab22f9906,0.9539887309074402,True,,,1
58b138c0e4b0eec3bce00169,0.952175796031952,True,09/17/17,85.,
58aa03bae4b0fe09880454d8,0.8074632883071899,True,,,
588d57b2e4b090cf9c5a4671,0.7918221354484558,True,,14.50,0.30
588a5720e4b090cf9c5a4479,0.7448014616966248,True,01/25/17,,
58a7844be4b0fe0988045177,0.9544206261634828,True,,SUBTOTRL,
58bb3db0e4b0d23e377365b6,0.6551075577735901,True,,,75228
58ba187ae4b0d23e37735a84,0.9487153887748718,True,,,
58b1ba33e4b0eec3bce00213,0.9546174407005309,True,02/25/17,73-83,1.65
58b7e2fde4b0d23e37735131,0.9487153887748718,True,02/26/17,,
58b9b95ee4b0d23e37735656,0.9493578672409058,True,,?¢G??0,
58b9bed7e4b0d23e377356c4,0.9487153887748718,True,,,
58ae3931e4b068eafab0c725,0.7985031604766846,True,,,
58b2c10ee4b0eec3bce00420,0.954201340675354,True,02/26/17,3.98,
58bd49dfe4b0d23e3773844e,0.9460912346839904,True,,32.39,77053
58b4cc20e4b0d23e37734aaf,0.9361243247985841,True,,,
58b4f366e4b0d23e37734b38,0.8074632883071899,True,02/25/17,SUBTOTRL,
58b6e2b4e4b0d23e37734ea5,0.954201340675354,True,,,
58b506a1e4b0d23e37734b5c,0.7675043344497681,True,,,
58b8c668e4b0d23e377353ca,0.9544206261634828,True,,,
58b2e64fe4b0eec3bce0043b,0.8074632883071899,True,,33.22,9.98
58be413fe4b0d23e377393a7,0.9487153887748718,True,,,
586eca93e4b0e80f9e3c23d5,0.7668169140815735,True,01/05/17,33.79,.
58a0c598e4b0314ab22f9845,0.9546174407005309,True,,,
58b99c34e4b0d23e3773550f,0.5550100803375244,True,,,
58a1dabee4b0314ab22f9a12,0.9546174407005309,True,,,I.4L
58b38e1be4b0eec3bce00660,0.8018627762794495,True,02/20/17,,
58bd723de4b0d23e377385fb,0.9546174407005309,True,03/04/17,,
589562ebe4b05f998de95901,0.9532245993614196,True,,,
5893a88be4b018a8bfc288e0,0.5970108509063721,True,,,
58b8d2c7e4b0d23e3773540c,0.9546174407005309,True,,,
58bad7b5e4b0d23e37735cdd,0.9551894068717957,True,03/04/17,17.26,0.58
58b6ef56e4b0d23e37734edb,0.9487153887748718,True,,,
589bbe7ee4b05f998de96107,0.7885084748268127,True,,,
58b9ab91e4b0d23e3773555c,0.9493578672409058,True,,,75244
58977c2be4b05f998de95bd8,0.9544206261634828,True,02/04/17,,0329
58afa741e4b068eafab0c8c4,0.952032208442688,True,,PURCHASE,03509
58b9c326e4b0d23e37735702,0.9546174407005309,True,03/02/17,,
58b0c39fe4b0eec3bce000fa,0.9295096397399902,True,02/22/17,11.92,
58a4ebf3e4b0314ab22f9db7,0.7885084748268127,True,,,
58ab8fcae4b08c6e1ec0a9e5,0.7885084748268127,True,,,
58ba1b4ce4b0d23e37735aa1,0.9546174407005309,True,,,
58b3101ce4b0eec3bce004a4,0.9546174407005309,True,02/18/17,,71
58bb713ae4b0d23e377368f4,0.9539887309074402,True,,,
58a38b8be4b0314ab22f9c28,0.954201340675354,True,,18.01,X
589b0debe4b05f998de96000,0.7351645827293396,True,,,%
58b33d32e4b0eec3bce0055c,0.7934011220932007,True,,,
58b1c4f0e4b0eec3bce00245,0.9492215514183044,True,02/25/17,22.11,I
58b18caae4b0eec3bce00192,0.7689892649650574,True,,,
58b64bdde4b0d23e37734dc2,0.7651948332786559,True,,,
58a243f7e4b0314ab22f9adc,0.7846386432647705,True,,,
58b2ebdee4b0eec3bce00448,0.954201340675354,True,02/22/17,PURCHASE,
58b1a4f8e4b0eec3bce001db,0.9551894068717957,True,,,%
58ac79b3e4b08c6e1ec0aaf7,0.9551894068717957,True,02/17/17,27,1.65
58bbac41e4b0d23e37736ada,0.9546174407005309,True,03/04/17,45.82,2.43
58aca6a1e4b08c6e1ec0ab42,0.7592148780822754,True,,,
58a8de80e4b0fe098804537f,0.9546174407005309,True,02/18/17,,
58a0eed1e4b0314ab22f9931,0.9544206261634828,True,,.21,.70
58b63709e4b0d23e37734d92,0.947240114212036,True,02/25/17,,
58b78e4ce4b0d23e377350cc,0.9507651925086976,True,,,
58acf048e4b08c6e1ec0abff,0.9466195106506348,True,02/21/17,44.89,75244
58b46c70e4b0eec3bce00840,0.927958071231842,True,02/24/17,'35,77521
589a76bae4b05f998de95f85,0.9515776634216307,True,,,
58b24f67e4b0eec3bce003d2,0.8041774034500122,True,,,
58bb1cdfe4b0d23e37736325,0.9467402696609496,True,,,x
58b790d6e4b0d23e377350d0,0.7671917676925659,True,,,
58b7060ae4b0d23e37734f13,0.9546174407005309,True,,,
58bae260e4b0d23e37735df1,0.9539887309074402,True,03/04/17,,
58771ec4e4b0087d2c8a07a8,0.9405395984649658,True,01/11/17,,%
58af7571e4b068eafab0c84c,0.8108272552490234,True,,,
58bb476de4b0d23e3773665c,0.9546174407005309,True,,,
586acfeee4b09266b0cab3a1,0.9544206261634828,True,,,
58b6e6c9e4b0d23e37734eb2,0.9546174407005309,True,,29.04,1.70
58b46bcae4b0eec3bce0083e,0.9507651925086976,True,,,
5876e7f4e4b0087d2c8a0775,0.9544206261634828,True,,,
58952770e4b05f998de958a2,0.948977828025818,True,02/02/17,,
58bc36a9e4b0d23e37737097,0.927958071231842,True,,?¢G??9,
58bb796ae4b0d23e3773697a,0.6686700582504272,True,,,
58b6c181e4b0d23e37734e1f,0.168220654129982,False,,,
58b2d5e8e4b0eec3bce00430,0.9487153887748718,True,,,
589b5084e4b05f998de96070,0.9499244689941406,True,01/31/17,54,I
58b1db58e4b0eec3bce00287,0.9546174407005309,True,,,
58b3570de4b0eec3bce005c6,0.9546174407005309,True,02/26/17,54.86,3.78
58ae07b2e4b068eafab0c6e2,0.9546174407005309,True,,04.42,77807
58b61f42e4b0d23e37734d4c,0.9490641355514526,True,,$.20,
58b75515e4b0d23e3773500a,0.9544206261634828,True,,,
589e1b07e4b0314ab22f9462,0.9478421807289124,True,,,43
58a4e22de4b0314ab22f9dae,0.1904890537261963,False,02/15/17,,
58912564e4b090cf9c5a492a,0.8074632883071899,True,,,
58b1c2cee4b0eec3bce00236,0.9539809226989746,True,02/22/17,4.32,
58b1c144e4b0eec3bce0022b,0.9546174407005309,True,02/11/17,96.23,
58c39f45e4b06d16e3cd2d93,0.9490641355514526,True,,,
5896618de4b05f998de95a6a,0.7671917676925659,True,,37.13,F
58ac6936e4b08c6e1ec0aac6,0.954201340675354,True,,3.88,.31
58b1c507e4b0eec3bce00247,0.7559550404548645,True,,,
587811e0e4b0d1a74fe8d438,0.7559550404548645,True,12/31/16,T0TnLF,
587d817be4b068f9da392961,0.9487153887748718,True,,,.01
5877ac24e4b0d1a74fe8d3c1,0.7592148780822754,True,,TOTHL,
58b09d41e4b05f7a05193127,0.954201340675354,True,02/21/17,16.64,0.51
589d0be3e4b0314ab22f930f,0.952808916568756,True,02/07/17,1.60,0.12
58abc939e4b08c6e1ec0aa38,0.9544206261634828,True,02/10/17,7.46,09446
58a02ca0e4b0314ab22f9791,0.9539809226989746,True,01/30/17,.,
58819f78e4b04c4484df0658,0.9544206261634828,True,,3,0
58a0df71e4b0314ab22f990b,0.9544206261634828,True,,6.28,0.41
588fd2f0e4b090cf9c5a483f,0.5619925856590271,True,01/30/17,,
58ae70cae4b068eafab0c752,0.5666849613189697,True,,,
58bae216e4b0d23e37735de7,0.9494104385375975,True,03/01/17,3.48,0.03
58ab55e0e4b08c6e1ec0a953,0.9546174407005309,True,02/20/17,,
58af384de4b068eafab0c7f8,0.9478421807289124,True,,,
5871c13de4b0e80f9e3c2528,0.9385656714439392,True,01/02/17,,
589fe01ee4b0314ab22f9722,0.9546174407005309,True,02/11/17,,262
58ba0b74e4b0d23e377359e4,0.9546174407005309,True,03/03/17,,.51
58a2864ee4b0314ab22f9b49,0.9546174407005309,True,,,
58960f78e4b05f998de95962,0.9444368481636048,True,,,
58b492cde4b0d23e377349f1,0.9546174407005309,True,02/16/17,47.95,
58b87543e4b0d23e37735282,0.9532245993614196,True,,"31,20",0.89
58b7266ce4b0d23e37734f56,0.9544206261634828,True,02/23/17,.15,
58ba6d83e4b0d23e37735bd9,0.9546174407005309,True,03/04/17,.56,.85
58a0f97de4b0314ab22f994c,0.9546174407005309,True,,,
58ba469ae4b0d23e37735b6c,0.954201340675354,True,,,
5887f5dfe4b05f73db0779c4,0.9546174407005309,True,01/15/17,.82,
5899c20fe4b05f998de95e9a,0.954201340675354,True,02/04/17,99,0.08
58ab7076e4b08c6e1ec0a993,0.9460912346839904,True,02/18/17,,X
58ad2cebe4b08c6e1ec0ac5d,0.9546174407005309,True,02/20/17,???,J
58aa16ace4b0fe0988045501,0.927958071231842,True,,,
58ac9651e4b08c6e1ec0ab26,0.948977828025818,True,02/21/17,PURCHASE,
589d050ce4b0314ab22f92fb,0.9515776634216307,True,,,
58b47355e4b0eec3bce00852,0.7626971602439879,True,,,75149
587588b0e4b0087d2c8a06cc,0.9544206261634828,True,01/08/17,,
58968286e4b05f998de95ac2,0.954201340675354,True,,,
58b32f94e4b0eec3bce00502,0.954201340675354,True,,,
5895272de4b05f998de9589f,0.9546174407005309,True,,PURCHASE,
58a5183be4b0314ab22f9deb,0.9488204717636108,True,,,
58a0b585e4b0314ab22f982a,0.9499244689941406,True,02/05/17,1,1.04
58aa0a9ce4b0fe09880454e7,0.954201340675354,True,,,
587bdffee4b0d1a74fe8d638,0.9188613891601562,True,01/15/17,,x
58b63d06e4b0d23e37734da9,0.7855581641197205,True,,,"0."""
58a06cabe4b0314ab22f97a3,0.9539887309074402,True,02/07/17,2.98,
58a6f342e4b0314ab22f9f96,0.9504297375679016,True,02/11/17,PURCHHSE,x
58a00189e4b0314ab22f9764,0.9492215514183044,True,,,
586ff657e4b0e80f9e3c2459,0.9551894068717957,True,,,
58a88a15e4b0fe0988045296,0.9546174407005309,True,02/18/17,,1.30
58990365e4b05f998de95d98,0.9546174407005309,True,02/04/17,69.50,
58a679f4e4b0314ab22f9f7b,0.9487153887748718,True,02/10/17,,
58aa6d80e4b0fe098804559a,0.7324553132057191,True,,,
58b465c8e4b0eec3bce00831,0.9546174407005309,True,,',
58b078efe4b05f7a051930dc,0.954201340675354,True,,,
58797aece4b0d1a74fe8d508,0.7885084748268127,True,,,
5894e08be4b05f998de95835,0.948977828025818,True,02/03/17,,
589f588fe4b0314ab22f95f7,0.9551894068717957,True,,,
58a9ad21e4b0fe0988045415,0.9507651925086976,True,02/09/17,,
58b4b0ebe4b0d23e37734a43,0.954201340675354,True,,4.36,
58afaef6e4b068eafab0c8d2,0.954201340675354,True,,,
589393fde4b018a8bfc288c4,0.9467402696609496,True,01/31/17,.,77095
5876f60fe4b0087d2c8a0792,0.9544206261634828,True,,,77081
586d7924e4b00ce8c12e99f1,0.954201340675354,True,01/04/17,28.41,1.92
58a116afe4b0314ab22f998f,0.9487153887748718,True,,,
58ac9c7be4b08c6e1ec0ab34,0.9546174407005309,True,02/21/17,PURCHASE,x
589a686fe4b05f998de95f69,0.9499244689941406,True,,,
58b333bbe4b0eec3bce00517,0.7230294346809387,True,02/25/17,7.88,0.60
58b3334ee4b0eec3bce0050f,0.7230294346809387,True,02/26/17,1.51,0.12
58b38ad0e4b0eec3bce00658,0.9544206261634828,True,02/26/17,7.76,77022
58a8ae16e4b0fe09880452de,0.7318406105041504,True,02/13/17,,0.18
589b0dd4e4b05f998de95fff,0.954201340675354,True,,,
589d043ae4b0314ab22f92f8,0.9546174407005309,True,,46.,6.43
58ac6fd1e4b08c6e1ec0aae0,0.9478421807289124,True,02/20/17,66.66,
58aa54d9e4b0fe0988045582,0.8108272552490234,True,02/16/17,112,
586ecbb2e4b0e80f9e3c23d6,0.9544206261634828,True,,53.72,
589941a3e4b05f998de95e39,0.8945449590682983,True,,,K
5897c887e4b05f998de95c7c,0.9515776634216307,True,,,
58a3275ae4b0314ab22f9ba5,0.954201340675354,True,02/14/17,,X
589a7832e4b05f998de95f89,0.9487153887748718,True,,,.92
589d250fe4b0314ab22f934c,0.8108272552490234,True,,,
588d0c7de4b090cf9c5a4635,0.9460912346839904,True,01/28/17,56,
58b1be06e4b0eec3bce0021b,0.9487153887748718,True,,,
58a861dde4b0fe098804524b,0.7372384667396545,True,,4.68,
58a8b15ee4b0fe09880452e9,0.6738378405570984,True,,,
5897f81de4b05f998de95cc2,0.7448014616966248,True,,,
589a4f6de4b05f998de95f38,0.9546174407005309,True,01/13/17,,
589d0b70e4b0314ab22f930c,0.9546174407005309,True,,,77571
58a8c94fe4b0fe0988045331,0.9546174407005309,True,,,
5893a971e4b018a8bfc288e5,0.9546174407005309,True,01/30/17,60.67,75244
5876dc5fe4b0087d2c8a0765,0.7335758209228516,True,,,
588264ece4b04c4484df0676,0.9551894068717957,True,,,
58b4ccd1e4b0d23e37734ab2,0.9499244689941406,True,02/27/17,.84,.12
58950292e4b05f998de9585d,0.494789719581604,False,,,
589d23e9e4b0314ab22f934a,0.9546174407005309,True,,,04440
58b0cd76e4b0eec3bce00108,0.9487153887748718,True,,,?¢G?.81
58a6fe10e4b0fe0988045099,0.9546174407005309,True,,,
58a86096e4b0fe0988045244,0.8074632883071899,True,,?¢G??,
5894a9a1e4b05f998de957e4,0.9546174407005309,True,,.15,
58a0dd14e4b0314ab22f9904,0.9546174407005309,True,,,
588e5642e4b090cf9c5a46f3,0.9551894068717957,True,01/29/17,,
58953aa9e4b05f998de958c5,0.2158268541097641,False,02/01/17,13.88,
58ad1daee4b08c6e1ec0ac55,0.9546174407005309,True,02/13/17,PURCHASE,X
58a23d6ce4b0314ab22f9ad1,0.7958078384399414,True,02/13/17,,
58b7f6d8e4b0d23e37735144,0.9546174407005309,True,,,
58953efbe4b05f998de958d0,0.5479619503021239,True,01/31/17,6.84,0.64
588bf009e4b090cf9c5a459e,0.20033766329288485,False,,,
589667b8e4b05f998de95a7e,0.954201340675354,True,,2,2
58b74154e4b0d23e37734fc7,0.9546174407005309,True,,,
58b41ae6e4b0eec3bce006f1,0.9467402696609496,True,,,
58924cf4e4b018a8bfc28801,0.927958071231842,True,,,
58b33682e4b0eec3bce00526,0.8185202479362488,True,02/26/17,2,X
588a632ae4b090cf9c5a4486,0.9507651925086976,True,01/18/17,.84,
5897ddc0e4b05f998de95c9b,0.9546174407005309,True,,,
589a6110e4b05f998de95f55,0.947198212146759,True,,,
588a1abde4b090cf9c5a4425,0.9546174407005309,True,,,
58694160e4b09266b0cab347,0.9515776634216307,True,12/31/16,66.26,1
588c1176e4b090cf9c5a45b3,0.954201340675354,True,01/20/17,.43,.26
588fb5b1e4b090cf9c5a4806,0.9546174407005309,True,,,
58ace740e4b08c6e1ec0abed,0.9546174407005309,True,02/21/17,.,x
587ae0d1e4b0d1a74fe8d5e7,0.9546174407005309,True,,40.09,0.79
5884cceee4b04c4484df07d5,0.7671917676925659,True,00/22/17,,
588e3685e4b090cf9c5a46c6,0.9539887309074402,True,01/29/17,,
586ee1a9e4b0e80f9e3c23e5,0.9551894068717957,True,,',
58825f6ce4b04c4484df066c,0.9474130272865297,True,,,
58b1d788e4b0eec3bce0027b,0.7335758209228516,True,,,
58bccea4e4b0d23e377381f2,0.7592148780822754,True,03/01/17,9.95,0.45
5890e295e4b090cf9c5a48dd,0.9523154497146606,True,,,
5899351ce4b05f998de95e27,0.9487153887748718,True,02/06/17,55,1.45
589934a1e4b05f998de95e21,0.922968089580536,True,,,
589ffb07e4b0314ab22f9753,0.942941427230835,True,02/11/17,7.20,0.5b
588bdaa7e4b090cf9c5a4589,0.954201340675354,True,,,
58a8f383e4b0fe098804539a,0.9546174407005309,True,,,
58a4f277e4b0314ab22f9dbf,0.932748794555664,True,02/15/17,4,2
588cc12be4b090cf9c5a45e1,0.9515776634216307,True,01/27/17,,
589b2751e4b05f998de96011,0.8091302514076233,True,,52.63,
587cc87ce4b0d1a74fe8d6a1,0.95377779006958,True,01/14/17,.,
58b7f637e4b0d23e37735140,0.5970108509063721,True,,,
58829c23e4b04c4484df06a3,0.7243476510047913,True,,,
58b4c6b1e4b0d23e37734a9a,0.9546174407005309,True,02/27/17,.45,.28
58a11e6de4b0314ab22f999a,0.9544206261634828,True,02/11/17,,1
58a10c34e4b0314ab22f997f,0.9007782936096193,True,,,
588b94c7e4b090cf9c5a4539,0.9546174407005309,True,,,it
587eb977e4b03e3ebfd77e61,0.9546174407005309,True,,,
588e5bafe4b090cf9c5a46fc,0.8091302514076233,True,01/29/17,,055126
587959ace4b0d1a74fe8d4e8,0.954201340675354,True,01/13/17,PURCHHSE,X
589a60a9e4b05f998de95f54,0.9386659860610962,True,,,
5872bbe2e4b0e80f9e3c2579,0.9467402696609496,True,01/07/17,PURCHRSE,X
588a8d98e4b090cf9c5a4495,0.9544206261634828,True,01/20/17,17.54,1.32
58b9cbd5e4b0d23e37735784,0.7752892374992371,True,03/03/17,1o,
58b624bde4b0d23e37734d63,0.7757666110992432,True,02/28/17,91.73,1.05
58964420e4b05f998de95a05,0.9487153887748718,True,02/04/17,PURCHHSE,
588befb8e4b090cf9c5a459d,0.8074632883071899,True,01/27/17,32,29
58bb61e5e4b0d23e377367f5,0.8185160756111145,True,,,5001
5878fda3e4b0d1a74fe8d49d,0.9544206261634828,True,12/30/15,,
58b330cde4b0eec3bce00507,0.9546174407005309,True,,53.46,0.75
587fa06fe4b03e3ebfd77ee3,0.9551894068717957,True,01/17/17,26.39,0.59
5885558ae4b04c4484df0864,0.9487153887748718,True,,PURCHRSE,x
588ba4b3e4b090cf9c5a454a,0.9544206261634828,True,01/18/17,,X
58ab93cfe4b08c6e1ec0a9eb,0.9490178823471068,True,,,
5898e58be4b05f998de95d74,0.948494553565979,True,02/08/17,,
588abcfae4b090cf9c5a44b6,0.9484091997146606,True,,13.00,
58b9c449e4b0d23e37735719,0.9546174407005309,True,,,
587c3906e4b0d1a74fe8d67a,0.9491382241249084,True,01/14/17,.58,
58ab9884e4b08c6e1ec0a9f5,0.9546174407005309,True,,,X
58802ef6e4b03e3ebfd77f31,0.9551894068717957,True,,71,181
587be586e4b0d1a74fe8d63c,0.954201340675354,True,01/15/17,26.59,1.60
58a10ac6e4b0314ab22f997e,0.8158186674118042,True,,,
587d67f2e4b068f9da39293c,0.9507651925086976,True,,,F
5885376be4b04c4484df083f,0.9544206261634828,True,,'4,4?¢G??
587bc56ce4b0d1a74fe8d62c,0.9544206261634828,True,01/14/17,,%
588d3325e4b090cf9c5a464e,0.9414436221122742,True,01/28/17,42.19,34
58b350c1e4b0eec3bce005a7,0.7243476510047913,True,,,
5872d4f6e4b0e80f9e3c257f,0.954201340675354,True,,,
589292cce4b018a8bfc28849,0.9551894068717957,True,,,
587a57abe4b0d1a74fe8d574,0.7515227794647217,True,01/13/17,35.21,
5872a451e4b0e80f9e3c255b,0.9546174407005309,True,,,
5883a9b8e4b04c4484df071a,0.948977828025818,True,01/21/17,PURCHASE,
587ced3ae4b0d1a74fe8d6da,0.9500849843025208,True,,72.93,
