EXT_ID,PredictionScore,WalmartReceipt
58ab4fc9e4b08c6e1ec0a94d,0.9486522078514099,TRUE
58bdf93de4b0d23e37738fbc,0.06680420786142349,FALSE
58bd6df3e4b0d23e377385c6,0.05133858695626259,FALSE
58bca5c1e4b0d23e37737e33,0.08174314349889755,FALSE
58924c43e4b018a8bfc287fa,0.0656098797917366,FALSE
58bc69a0e4b0d23e377376d8,0.7725123167037964,TRUE
58bc3df1e4b0d23e37737191,0.8268690705299377,TRUE
58a0c72ae4b0314ab22f9849,0.06758490949869156,FALSE
58a8b522e4b0fe09880452f1,0.06138685718178749,FALSE
58bc2ac7e4b0d23e37736f03,0.09232798963785172,FALSE
58bc1cb6e4b0d23e37736d43,0.05445539578795433,FALSE
58bc4a95e4b0d23e37737312,0.05133858695626259,FALSE
58b98a0ce4b0d23e377354d1,0.7743834853172302,TRUE
58ba1feee4b0d23e37735ac6,0.06085700914263725,FALSE
58990eefe4b05f998de95db2,0.06138685718178749,FALSE
58bb08a3e4b0d23e3773615c,0.05133858695626259,FALSE
587194fee4b0e80f9e3c2517,0.05133858695626259,FALSE
58bad6b4e4b0d23e37735cd1,0.05133858695626259,FALSE
58bccd5fe4b0d23e377381d4,0.12974333763122559,FALSE
589f541ce4b0314ab22f95ef,0.05133858695626259,FALSE
58b6d994e4b0d23e37734e7c,0.6700823903083801,TRUE
587fcc5fe4b03e3ebfd77f00,0.1268637329339981,FALSE
58b61e0ee4b0d23e37734d43,0.28272584080696106,FALSE
58a8cb3be4b0fe0988045343,0.06138685718178749,FALSE
58b07ef6e4b05f7a051930e8,0.8038454651832581,TRUE
589e4181e4b0314ab22f94c6,0.2892637848854065,FALSE
58bc460be4b0d23e37737274,0.06758490949869156,FALSE
58bcc76ee4b0d23e3773815f,0.5989433526992798,TRUE
58ae8c80e4b068eafab0c759,0.05133858695626259,FALSE
58b8b6bfe4b0d23e37735383,0.06680420786142349,FALSE
58b8bbe0e4b0d23e3773539a,0.05312342196702957,FALSE
58a9faece4b0fe09880454c9,0.06680420786142349,FALSE
587fdd1be4b03e3ebfd77f0a,0.05445539578795433,FALSE
588c1973e4b090cf9c5a45b5,0.1268637329339981,FALSE
5878179fe4b0d1a74fe8d43c,0.05133858695626259,FALSE
58925e29e4b018a8bfc2881c,0.05133858695626259,FALSE
586f339de4b0e80f9e3c2420,0.05133858695626259,FALSE
589e11fce4b0314ab22f944e,0.05133858695626259,FALSE
586d862fe4b00ce8c12e99f4,0.06986699998378754,FALSE
58cf4977e4b06d16e3cd853b,0.05133858695626259,FALSE
58bc4159e4b0d23e377371dc,0.16176846623420715,FALSE
58badd18e4b0d23e37735d6f,0.07701971381902695,FALSE
58cf1e49e4b06d16e3cd83e6,0.5022104382514954,TRUE
58b4d8b2e4b0d23e37734ae1,0.05133858695626259,FALSE
58a1047be4b0314ab22f9974,0.13588091731071472,FALSE
58a4cf2ae4b0314ab22f9d87,0.05133858695626259,FALSE
58a237b3e4b0314ab22f9ac9,0.0645207092165947,FALSE
58bdea6ce4b0d23e37738e77,0.06042367219924927,FALSE
58cef5f5e4b06d16e3cd81b7,0.08525223284959793,FALSE
58cc5a84e4b06d16e3cd6ee2,0.061534397304058075,FALSE
58bdc009e4b0d23e37738b1f,0.08174314349889755,FALSE
58bcc05ae4b0d23e377380d2,0.2996542453765869,FALSE
58c36fd2e4b06d16e3cd2cdc,0.1268637329339981,FALSE
58bcb441e4b0d23e37737fbd,0.1268637329339981,FALSE
58bde956e4b0d23e37738e50,0.5022104382514954,TRUE
58bdd94fe4b0d23e37738d13,0.06758490949869156,FALSE
58beba96e4b0d23e377394b2,0.05133858695626259,FALSE
58be17dde4b0d23e37739201,0.05133858695626259,FALSE
58ceda98e4b06d16e3cd8014,0.05133858695626259,FALSE
58be34c2e4b0d23e37739355,0.056490667164325714,FALSE
58bc48c5e4b0d23e377372cd,0.06758490949869156,FALSE
58baf4bce4b0d23e37735fc2,0.06138685718178749,FALSE
58bea036e4b0d23e37739410,0.05445539578795433,FALSE
58ab8a51e4b08c6e1ec0a9d5,0.13140177726745605,FALSE
58bc743ce4b0d23e37737834,0.06832920014858246,FALSE
58bc37b1e4b0d23e377370c6,0.1575257033109665,FALSE
58c0ad8ce4b0d23e3773a719,0.2996542453765869,FALSE
58bc4736e4b0d23e377372a1,0.13140177726745605,FALSE
58bc73cae4b0d23e37737828,0.6086874604225159,TRUE
58bcc0dae4b0d23e377380da,0.06758490949869156,FALSE
58701a75e4b0e80f9e3c24ac,0.05445539578795433,FALSE
58bd6f39e4b0d23e377385d9,0.05133858695626259,FALSE
58be1a1be4b0d23e37739223,0.06758490949869156,FALSE
58bc95fee4b0d23e37737c77,0.228519007563591,FALSE
58bad980e4b0d23e37735d07,0.06138685718178749,FALSE
58bc90f5e4b0d23e37737bd6,0.05133858695626259,FALSE
58b98a29e4b0d23e377354d2,0.08679851144552231,FALSE
58bc7f3ae4b0d23e377379af,0.07701971381902695,FALSE
58aa1c0fe4b0fe098804551d,0.06138685718178749,FALSE
589f1f7ce4b0314ab22f957a,0.05133858695626259,FALSE
58a4f299e4b0314ab22f9dc0,0.05445539578795433,FALSE
58ace5f8e4b08c6e1ec0abea,0.05445539578795433,FALSE
5894bc98e4b05f998de9580a,0.7375253438949585,TRUE
58af84e5e4b068eafab0c886,0.5449745059013367,TRUE
58a9b6f6e4b0fe0988045435,0.05684894323348999,FALSE
58bc3aeee4b0d23e37737141,0.06585561484098434,FALSE
58bca681e4b0d23e37737e45,0.06042367219924927,FALSE
58bc3ba1e4b0d23e37737151,0.06758490949869156,FALSE
58963462e4b05f998de959d5,0.05455085635185242,FALSE
58be0190e4b0d23e3773908c,0.06758490949869156,FALSE
588a3873e4b090cf9c5a4457,0.1268637329339981,FALSE
58bc347ae4b0d23e3773705f,0.06138685718178749,FALSE
589d0de3e4b0314ab22f9316,0.06042367219924927,FALSE
58bdd3d1e4b0d23e37738c96,0.7539429664611816,TRUE
58bae350e4b0d23e37735e0b,0.08019188791513443,FALSE
58bc87d7e4b0d23e37737abf,0.06680420786142349,FALSE
5894b302e4b05f998de957fc,0.0645207092165947,FALSE
58aa2fd7e4b0fe0988045531,0.1268637329339981,FALSE
58b58df1e4b0d23e37734bb0,0.3712144196033478,FALSE
58bafad7e4b0d23e37736047,0.2018846869468689,FALSE
588b93f2e4b090cf9c5a4534,0.05133858695626259,FALSE
58bc0d99e4b0d23e37736bc5,0.05133858695626259,FALSE
58ba4682e4b0d23e37735b6b,0.12974333763122559,FALSE
58bc3b18e4b0d23e37737146,0.3899839520454407,FALSE
58bafcc6e4b0d23e3773607c,0.1708352416753769,FALSE
58bc56f9e4b0d23e3773749c,0.13219456374645233,FALSE
58bc1144e4b0d23e37736c0b,0.7932966351509094,TRUE
5894b172e4b05f998de957f5,0.05133858695626259,FALSE
58b9d3eae4b0d23e377357f7,0.8504993915557861,TRUE
58bc0826e4b0d23e37736b7a,0.05133858695626259,FALSE
58bc3815e4b0d23e377370d4,0.05133858695626259,FALSE
5890f4c5e4b090cf9c5a48e8,0.0717073604464531,FALSE
58bbfb62e4b0d23e37736b43,0.6700823903083801,TRUE
58bc289de4b0d23e37736ec0,0.05133858695626259,FALSE
5897907ce4b05f998de95c04,0.06758490949869156,FALSE
58bc0c4ae4b0d23e37736bab,0.07701971381902695,FALSE
58be0321e4b0d23e3773909e,0.0829089805483818,FALSE
58ba3cbfe4b0d23e37735b4f,0.7669514417648315,TRUE
587c0deee4b0d1a74fe8d656,0.07317881286144257,FALSE
58bc533ce4b0d23e37737413,0.06042367219924927,FALSE
58cf492ee4b06d16e3cd8537,0.05133858695626259,FALSE
58babc60e4b0d23e37735c0b,0.13588091731071472,FALSE
58bb40bfe4b0d23e377365f3,0.19715555012226105,FALSE
58a0d138e4b0314ab22f9875,0.28790199756622314,FALSE
58bb303be4b0d23e377364aa,0.205449178814888,FALSE
58bc7a2fe4b0d23e377378fb,0.7338858246803284,TRUE
58bb188ce4b0d23e377362cb,0.7539429664611816,TRUE
58bb0a94e4b0d23e37736191,0.05133858695626259,FALSE
58bc2345e4b0d23e37736e07,0.13140177726745605,FALSE
58bb0527e4b0d23e37736105,0.06042367219924927,FALSE
58baf8e8e4b0d23e37736020,0.13140177726745605,FALSE
58bc7f45e4b0d23e377379b5,0.28272584080696106,FALSE
58b9b814e4b0d23e3773563e,0.2018846869468689,FALSE
58acdbf8e4b08c6e1ec0abd4,0.05133858695626259,FALSE
589d0fdae4b0314ab22f9321,0.5713487267494202,TRUE
58bc3c73e4b0d23e37737160,0.7614496946334839,TRUE
58baeec9e4b0d23e37735f06,0.05133858695626259,FALSE
58baeae3e4b0d23e37735eac,0.06680420786142349,FALSE
58baeba0e4b0d23e37735eb9,0.5871787071228027,TRUE
58bae265e4b0d23e37735df2,0.05133858695626259,FALSE
58bc6bece4b0d23e37737728,0.5661848187446594,TRUE
58bc8bdce4b0d23e37737b4a,0.06257947534322739,FALSE
58bc7c1ee4b0d23e3773792f,0.05133858695626259,FALSE
58bb429de4b0d23e3773660f,0.06257947534322739,FALSE
58ba13ffe4b0d23e37735a56,0.05133858695626259,FALSE
58bc554be4b0d23e3773744e,0.05133858695626259,FALSE
58bb4a1ae4b0d23e37736673,0.06758490949869156,FALSE
58b9bedde4b0d23e377356c5,0.07254289835691452,FALSE
58b9d2ffe4b0d23e377357e4,0.10671081393957138,FALSE
58b9c7e7e4b0d23e37735744,0.8117331862449646,TRUE
58badb4be4b0d23e37735d34,0.3027404248714447,FALSE
58b9b87ce4b0d23e37735647,0.06257947534322739,FALSE
58b1bed3e4b0eec3bce00225,0.7539429664611816,TRUE
58b9b3ece4b0d23e3773560a,0.1268637329339981,FALSE
58bb7d6ae4b0d23e377369b0,0.05133858695626259,FALSE
58b9b3bfe4b0d23e37735604,0.5449745059013367,TRUE
58ba2d43e4b0d23e37735b12,0.5077080130577087,TRUE
58b991aee4b0d23e377354ea,0.15150444209575653,FALSE
58b82adee4b0d23e377351bc,0.3137284517288208,FALSE
58b96cc1e4b0d23e37735488,0.05445539578795433,FALSE
58a72849e4b0fe09880450dd,0.13588091731071472,FALSE
58bc3028e4b0d23e37736fb4,0.1673079878091812,FALSE
5889339fe4b05f73db077a61,0.28272584080696106,FALSE
58bc4142e4b0d23e377371d8,0.05133858695626259,FALSE
58bb369be4b0d23e3773652f,0.06257947534322739,FALSE
58b6963de4b0d23e37734e05,0.1268637329339981,FALSE
58b4df40e4b0d23e37734afd,0.28272584080696106,FALSE
58b97360e4b0d23e37735495,0.7927627563476562,TRUE
58bc4608e4b0d23e37737272,0.06680420786142349,FALSE
58b83d8be4b0d23e377351ee,0.05133858695626259,FALSE
58b48c24e4b0d23e377349d8,0.5783791542053223,TRUE
58b2f868e4b0eec3bce00465,0.05133858695626259,FALSE
58b344bae4b0eec3bce0057a,0.07314293086528778,FALSE
58b9fb75e4b0d23e3773594d,0.080487921833992,FALSE
58b2e47de4b0eec3bce0043a,0.05133858695626259,FALSE
58b1f1aae4b0eec3bce002c8,0.6700823903083801,TRUE
588b8763e4b090cf9c5a452c,0.5555148720741272,TRUE
58bb40bce4b0d23e377365f2,0.06758490949869156,FALSE
58b21718e4b0eec3bce00354,0.080487921833992,FALSE
58b44040e4b0eec3bce00780,0.13588091731071472,FALSE
58bc2adce4b0d23e37736f06,0.06085700914263725,FALSE
58af514ce4b068eafab0c81b,0.06680420786142349,FALSE
58a617dce4b0314ab22f9eed,0.06758490949869156,FALSE
58bc55cbe4b0d23e37737466,0.2996542453765869,FALSE
588ff611e4b090cf9c5a487c,0.06680420786142349,FALSE
58889482e4b05f73db077a1a,0.1268637329339981,FALSE
58a746a5e4b0fe0988045106,0.5570222735404968,TRUE
58af4a6fe4b068eafab0c813,0.19715555012226105,FALSE
58799e4ce4b0d1a74fe8d527,0.13588091731071472,FALSE
589fadfde4b0314ab22f96b7,0.09222537279129028,FALSE
58bd4c1ee4b0d23e37738459,0.06085700914263725,FALSE
58a0df9ee4b0314ab22f990d,0.05133858695626259,FALSE
58b8bd59e4b0d23e377353a1,0.06138685718178749,FALSE
58ab6ae8e4b08c6e1ec0a97f,0.6086874604225159,TRUE
58a3b697e4b0314ab22f9c66,0.1268637329339981,FALSE
58a60a3ee4b0314ab22f9eb8,0.06138685718178749,FALSE
58a62a18e4b0314ab22f9f04,0.07437149435281754,FALSE
58bb5550e4b0d23e37736710,0.06138685718178749,FALSE
58a23e9fe4b0314ab22f9ad2,0.13140177726745605,FALSE
5871a2d5e4b0e80f9e3c251c,0.7669514417648315,TRUE
5899d228e4b05f998de95ea3,0.05970696359872818,FALSE
587bdbb3e4b0d1a74fe8d636,0.05133858695626259,FALSE
58bc72fde4b0d23e37737816,0.06042367219924927,FALSE
58b0b70be4b05f7a0519318d,0.06138685718178749,FALSE
589b5c0be4b05f998de96081,0.21408051252365112,FALSE
589fb03ce4b0314ab22f96b9,0.7669514417648315,TRUE
58768190e4b0087d2c8a0706,0.06680420786142349,FALSE
589eca29e4b0314ab22f9536,0.05445539578795433,FALSE
589eca68e4b0314ab22f9539,0.0656098797917366,FALSE
58a38adbe4b0314ab22f9c27,0.221663236618042,FALSE
58a457cbe4b0314ab22f9cce,0.05133858695626259,FALSE
589f293ce4b0314ab22f958a,0.1268637329339981,FALSE
58badc84e4b0d23e37735d63,0.13140177726745605,FALSE
58a85948e4b0fe098804522e,0.6948221325874329,TRUE
588e38fde4b090cf9c5a46cc,0.05133858695626259,FALSE
589634c5e4b05f998de959da,0.05937720090150833,FALSE
58b0a1d6e4b05f7a05193141,0.05133858695626259,FALSE
58b9fb43e4b0d23e3773594b,0.7539429664611816,TRUE
589b960be4b05f998de960b0,0.05133858695626259,FALSE
58b0cb3fe4b0eec3bce00104,0.05133858695626259,FALSE
58b19fc5e4b0eec3bce001cd,0.05133858695626259,FALSE
589b5e87e4b05f998de96084,0.7141647338867188,TRUE
58b306d3e4b0eec3bce0048d,0.05133858695626259,FALSE
58a5ee24e4b0314ab22f9e81,0.6768229007720947,TRUE
5894b9e6e4b05f998de95807,0.06758490949869156,FALSE
587a99cce4b0d1a74fe8d5b7,0.06758490949869156,FALSE
58a3404de4b0314ab22f9bc6,0.13430103659629822,FALSE
5878efe6e4b0d1a74fe8d494,0.06042367219924927,FALSE
58963d36e4b05f998de959f9,0.13140177726745605,FALSE
58a0cdfee4b0314ab22f985f,0.774272084236145,TRUE
5897aaf1e4b05f998de95c2c,0.7725123167037964,TRUE
586f3181e4b0e80f9e3c241a,0.05133858695626259,FALSE
588fa6a8e4b090cf9c5a47f6,0.06042367219924927,FALSE
58a0081ae4b0314ab22f976a,0.13219456374645233,FALSE
5897a418e4b05f998de95c21,0.06758490949869156,FALSE
58acb844e4b08c6e1ec0ab5a,0.06138685718178749,FALSE
58993fe9e4b05f998de95e33,0.05133858695626259,FALSE
589e145de4b0314ab22f9457,0.05133858695626259,FALSE
5896111ae4b05f998de9596e,0.08115458488464355,FALSE
58a0a29be4b0314ab22f97f1,0.080487921833992,FALSE
58acdb86e4b08c6e1ec0abd1,0.1268637329339981,FALSE
586f31f8e4b0e80f9e3c241e,0.08895730972290039,FALSE
5893a7ebe4b018a8bfc288dd,0.1268637329339981,FALSE
588794dee4b05f73db077971,0.08895730972290039,FALSE
58ad1291e4b08c6e1ec0ac4a,0.05133858695626259,FALSE
588fc26ce4b090cf9c5a4826,0.05133858695626259,FALSE
58b1f23be4b0eec3bce002ce,0.05133858695626259,FALSE
58af6523e4b068eafab0c831,0.2811609208583832,FALSE
58975d09e4b05f998de95b87,0.05133858695626259,FALSE
58912b08e4b090cf9c5a4935,0.05133858695626259,FALSE
58a5ebefe4b0314ab22f9e74,0.5023360848426819,TRUE
58aa110ee4b0fe09880454f4,0.05133858695626259,FALSE
58b615c3e4b0d23e37734d02,0.4916321039199829,FALSE
588deb0ae4b090cf9c5a4692,0.05133858695626259,FALSE
588bed0be4b090cf9c5a4599,0.12974333763122559,FALSE
58880f3ee4b05f73db0779e1,0.12974333763122559,FALSE
5871de3de4b0e80f9e3c2539,0.05133858695626259,FALSE
586f31a4e4b0e80f9e3c241b,0.06810890883207321,FALSE
58867a56e4b05f73db0778bb,0.7539429664611816,TRUE
5878274ae4b0d1a74fe8d44d,0.4916321039199829,FALSE
58b8febfe4b0d23e3773545d,0.5663319230079651,TRUE
58a75909e4b0fe0988045129,0.13140177726745605,FALSE
587d8eeae4b068f9da392965,0.08174314349889755,FALSE
58b5ee78e4b0d23e37734c87,0.0829089805483818,FALSE
58bafedfe4b0d23e377360b5,0.05133858695626259,FALSE
5877f8a7e4b0d1a74fe8d423,0.06138685718178749,FALSE
58892cbbe4b05f73db077a58,0.05133858695626259,FALSE
589b87dae4b05f998de960a7,0.05133858695626259,FALSE
587e16ece4b068f9da39297d,0.06758490949869156,FALSE
586f1ff9e4b0e80f9e3c2410,0.7263902425765991,TRUE
5897bb41e4b05f998de95c61,0.05445539578795433,FALSE
5883fa8ae4b04c4484df0789,0.228519007563591,FALSE
586c5e93e4b00ce8c12e99b9,0.6792247891426086,TRUE
58bc44c6e4b0d23e3773724d,0.8504993915557861,TRUE
586d443ae4b00ce8c12e99e8,0.7539429664611816,TRUE
58b38daee4b0eec3bce0065c,0.5460932850837708,TRUE
58716637e4b0e80f9e3c2504,0.7141647338867188,TRUE
58b06c82e4b05f7a051930cc,0.21093586087226868,FALSE
58a0ad0be4b0314ab22f9813,0.7642441987991333,TRUE
58abad39e4b08c6e1ec0aa20,0.20644472539424896,FALSE
586d437fe4b00ce8c12e99e3,0.6509331464767456,TRUE
5898f94de4b05f998de95d86,0.8467936515808105,TRUE
588e08e4e4b090cf9c5a46a2,0.6768229007720947,TRUE
589cb4a8e4b0314ab22f9275,0.7725123167037964,TRUE
5894da65e4b05f998de9582b,0.8467936515808105,TRUE
5871e504e4b0e80f9e3c253c,0.5871787071228027,TRUE
58901bcde4b090cf9c5a489d,0.8273710012435913,TRUE
587f8936e4b03e3ebfd77ed8,0.5654640793800354,TRUE
58b877cce4b0d23e37735297,0.10671081393957138,FALSE
589511eae4b05f998de95879,0.6465902328491211,TRUE
58bcf699e4b0d23e377383c4,0.06978139281272888,FALSE
58968005e4b05f998de95ab1,0.2825514078140259,FALSE
58b9d42de4b0d23e377357fd,0.06978139281272888,FALSE
5889332ce4b05f73db077a5c,0.06978139281272888,FALSE
58b20d0be4b0eec3bce00341,0.7803015112876892,TRUE
58bad8ede4b0d23e37735cf7,0.5023360848426819,TRUE
58bc581de4b0d23e377374be,0.4916321039199829,FALSE
58bcc5f5e4b0d23e37738140,0.06986699998378754,FALSE
58b4d248e4b0d23e37734ac9,0.5783791542053223,TRUE
58b73c4ae4b0d23e37734fb2,0.774272084236145,TRUE
58af219ee4b068eafab0c7cb,0.5783791542053223,TRUE
589d262de4b0314ab22f9353,0.3378097712993622,FALSE
587cea46e4b0d1a74fe8d6d5,0.06783441454172134,FALSE
58bb63efe4b0d23e37736817,0.7669514417648315,TRUE
58a249d4e4b0314ab22f9aea,0.29136306047439575,FALSE
58a2175de4b0314ab22f9a7a,0.07233496755361557,FALSE
58797648e4b0d1a74fe8d502,0.5022104382514954,TRUE
58960e94e4b05f998de9595e,0.06986699998378754,FALSE
58af63bbe4b068eafab0c82e,0.5023360848426819,TRUE
58992400e4b05f998de95de2,0.774272084236145,TRUE
58a7c571e4b0fe09880451ca,0.6086874604225159,TRUE
58bc970be4b0d23e37737c99,0.5654640793800354,TRUE
58d5d179e4b06d16e3cdb114,0.4916321039199829,FALSE
58bae229e4b0d23e37735deb,0.08974247425794601,FALSE
58baefdee4b0d23e37735f3a,0.6834925413131714,TRUE
58be0ef4e4b0d23e37739168,0.13140177726745605,FALSE
589de582e4b0314ab22f93d3,0.12986479699611664,FALSE
5889574ee4b05f73db077a7b,0.5783791542053223,TRUE
58bc6047e4b0d23e377375c7,0.13352498412132263,FALSE
58bb6b0ce4b0d23e37736889,0.5783791542053223,TRUE
58925ae5e4b018a8bfc28816,0.7927627563476562,TRUE
588a5f06e4b090cf9c5a447c,0.21408051252365112,FALSE
588cd80ee4b090cf9c5a45f6,0.06883902102708817,FALSE
5882c9c6e4b04c4484df06d1,0.6155379414558411,TRUE
58b888bce4b0d23e377352db,0.16794559359550476,FALSE
58bc85cae4b0d23e37737a81,0.3378097712993622,FALSE
58b4e186e4b0d23e37734b04,0.06978139281272888,FALSE
58b0ad20e4b05f7a0519315d,0.5563377737998962,TRUE
58ab413fe4b08c6e1ec0a929,0.5783791542053223,TRUE
58be0ca6e4b0d23e3773914a,0.29136306047439575,FALSE
5872accfe4b0e80f9e3c256b,0.2825514078140259,FALSE
586fc847e4b0e80f9e3c243b,0.11550591140985489,FALSE
58b4d30be4b0d23e37734ad2,0.6509331464767456,TRUE
58be0eb8e4b0d23e37739164,0.7669514417648315,TRUE
58bdf800e4b0d23e37738f98,0.20136447250843048,FALSE
58bdd5f4e4b0d23e37738cc5,0.5077080130577087,TRUE
58bdb316e4b0d23e37738a05,0.13727301359176636,FALSE
58bc238ee4b0d23e37736e0f,0.7425216436386108,TRUE
58bb2fb5e4b0d23e377364a1,0.06978139281272888,FALSE
58bb4e24e4b0d23e377366aa,0.15830817818641663,FALSE
58b989bbe4b0d23e377354cf,0.7141647338867188,TRUE
58b63606e4b0d23e37734d8a,0.08974247425794601,FALSE
58b61e6fe4b0d23e37734d45,0.28272584080696106,FALSE
589bcb39e4b05f998de9612b,0.06883902102708817,FALSE
58bcd531e4b0d23e37738289,0.08974247425794601,FALSE
58b75326e4b0d23e37734ffc,0.06783441454172134,FALSE
58ac97d9e4b08c6e1ec0ab2d,0.33897683024406433,FALSE
58a21731e4b0314ab22f9a78,0.1822022795677185,FALSE
58aa31e2e4b0fe0988045538,0.06978139281272888,FALSE
589ab965e4b05f998de95fec,0.19793738424777985,FALSE
589bd952e4b05f998de96133,0.10854930430650711,FALSE
58a712d7e4b0fe09880450c2,0.14471948146820068,FALSE
58ace2d8e4b08c6e1ec0abe1,0.15326666831970215,FALSE
5893bfb4e4b05f998de9571d,0.06978139281272888,FALSE
587a8241e4b0d1a74fe8d5a6,0.20136447250843048,FALSE
58929366e4b018a8bfc2884a,0.27402734756469727,FALSE
588b6ce1e4b090cf9c5a451e,0.15444619953632355,FALSE
5887e0aae4b05f73db0779ab,0.4916321039199829,FALSE
588e231ae4b090cf9c5a46ab,0.13140177726745605,FALSE
587fdd6fe4b03e3ebfd77f0c,0.15326666831970215,FALSE
587aa072e4b0d1a74fe8d5c2,0.20482057332992554,FALSE
5873e01ae4b0087d2c8a0640,0.7539429664611816,TRUE
586979f6e4b09266b0cab363,0.6237386465072632,TRUE
589000b6e4b090cf9c5a4884,0.19684836268424988,FALSE
588a24cbe4b090cf9c5a443c,0.5023360848426819,TRUE
5871b4fde4b0e80f9e3c2523,0.5783791542053223,TRUE
58bddc93e4b0d23e37738d4a,0.9550163745880127,TRUE
58be24bee4b0d23e37739295,0.9550163745880127,TRUE
5892b265e4b018a8bfc2886a,0.9550163745880127,TRUE
58bc4450e4b0d23e37737238,0.9550163745880127,TRUE
58bc2284e4b0d23e37736df2,0.7968326807022095,TRUE
58bba162e4b0d23e37736abc,0.9550163745880127,TRUE
58b59cb3e4b0d23e37734be8,0.7539429664611816,TRUE
58bcc363e4b0d23e3773810a,0.9550163745880127,TRUE
58d16b07e4b06d16e3cd90f6,0.9481752514839172,TRUE
58bc11c0e4b0d23e37736c14,0.9550163745880127,TRUE
58bd5a4de4b0d23e377384c6,0.7669514417648315,TRUE
58bd8b0ae4b0d23e37738752,0.9550163745880127,TRUE
58bd8a00e4b0d23e37738744,0.7932966351509094,TRUE
58bdc024e4b0d23e37738b22,0.9550163745880127,TRUE
58baf4cbe4b0d23e37735fc3,0.9550163745880127,TRUE
58bdf71ee4b0d23e37738f85,0.9486522078514099,TRUE
58bdf785e4b0d23e37738f90,0.9550163745880127,TRUE
58bb097ce4b0d23e3773617e,0.8117331862449646,TRUE
58bc7568e4b0d23e3773784e,0.950760006904602,TRUE
58bdd175e4b0d23e37738c6c,0.9503923654556274,TRUE
58bbc8e6e4b0d23e37736b07,0.9550163745880127,TRUE
58bc2c7ee4b0d23e37736f31,0.9550163745880127,TRUE
58be0627e4b0d23e377390c5,0.950760006904602,TRUE
58be58e0e4b0d23e377393d3,0.9550163745880127,TRUE
58790205e4b0d1a74fe8d4aa,0.5077080130577087,TRUE
58be2a0ee4b0d23e377392f2,0.9550163745880127,TRUE
58ab4634e4b08c6e1ec0a93b,0.9550163745880127,TRUE
58bdf8dee4b0d23e37738faf,0.9550163745880127,TRUE
58bc8106e4b0d23e377379f2,0.9521566033363342,TRUE
58bd9d40e4b0d23e377388ae,0.9500022530555725,TRUE
58bb92b4e4b0d23e37736a6a,0.9550163745880127,TRUE
58bb4faee4b0d23e377366bd,0.9550163745880127,TRUE
58bdd875e4b0d23e37738d0c,0.7141647338867188,TRUE
58bd9305e4b0d23e377387ee,0.9550163745880127,TRUE
58bd7374e4b0d23e37738602,0.9509414434432983,TRUE
5895128ae4b05f998de9587b,0.7669514417648315,TRUE
58bce4b8e4b0d23e37738328,0.9445662498474121,TRUE
58bce687e4b0d23e3773833d,0.9550163745880127,TRUE
58bce5c8e4b0d23e37738330,0.9495604634284973,TRUE
58bd9461e4b0d23e3773880d,0.9550163745880127,TRUE
58bcae50e4b0d23e37737f15,0.9509414434432983,TRUE
58bc98d7e4b0d23e37737cce,0.7968326807022095,TRUE
58bc8db4e4b0d23e37737b7a,0.9550163745880127,TRUE
58bc8148e4b0d23e377379f6,0.6086874604225159,TRUE
58ad1746e4b08c6e1ec0ac52,0.9550163745880127,TRUE
58bc7d7be4b0d23e37737970,0.6834925413131714,TRUE
58bc5d72e4b0d23e3773756b,0.9550163745880127,TRUE
58bc77d6e4b0d23e377378b8,0.9550163745880127,TRUE
58bc8276e4b0d23e37737a1c,0.9521566033363342,TRUE
58bc0ec9e4b0d23e37736be0,0.9550163745880127,TRUE
58badbc3e4b0d23e37735d49,0.8239690661430359,TRUE
58bc88e0e4b0d23e37737adc,0.8504993915557861,TRUE
58bc5e1ae4b0d23e37737584,0.7669514417648315,TRUE
58bdb758e4b0d23e37738a5b,0.9550163745880127,TRUE
58a9dc66e4b0fe098804547a,0.5498048067092896,TRUE
58bc237be4b0d23e37736e0b,0.9550163745880127,TRUE
58b734c5e4b0d23e37734f86,0.9550163745880127,TRUE
58bc1e06e4b0d23e37736d72,0.9422221183776855,TRUE
58bca5cfe4b0d23e37737e34,0.9438359141349792,TRUE
58bc16fce4b0d23e37736c7f,0.9495604634284973,TRUE
58bc1283e4b0d23e37736c2f,0.9550163745880127,TRUE
58bdc6d8e4b0d23e37738b91,0.9550163745880127,TRUE
58bc1a5de4b0d23e37736cf0,0.9550163745880127,TRUE
58bb1ff2e4b0d23e37736356,0.9550163745880127,TRUE
58bb82e0e4b0d23e377369f6,0.9496755003929138,TRUE
58bd2ecae4b0d23e37738417,0.9550163745880127,TRUE
58bb779de4b0d23e3773695e,0.9550163745880127,TRUE
58a03833e4b0314ab22f9794,0.9550163745880127,TRUE
58b1f1dfe4b0eec3bce002ca,0.9550163745880127,TRUE
58bb5c99e4b0d23e3773678f,0.9548518061637878,TRUE
58bb7447e4b0d23e37736924,0.9550163745880127,TRUE
58baf4d7e4b0d23e37735fc6,0.9496755003929138,TRUE
58bc18dae4b0d23e37736cb7,0.9550163745880127,TRUE
58bb56bee4b0d23e37736721,0.9550163745880127,TRUE
58bb6adce4b0d23e37736885,0.7720823287963867,TRUE
58bd6c28e4b0d23e377385a5,0.7725123167037964,TRUE
58bad885e4b0d23e37735cee,0.9550163745880127,TRUE
58bb54ede4b0d23e37736707,0.7141647338867188,TRUE
58bb3a07e4b0d23e37736578,0.7827362418174744,TRUE
58bc7f0de4b0d23e377379a8,0.3889135420322418,FALSE
58bc641fe4b0d23e3773762f,0.9550163745880127,TRUE
5893d156e4b05f998de95736,0.9495604634284973,TRUE
5883a992e4b04c4484df0718,0.9482873678207397,TRUE
58bb3a50e4b0d23e3773657f,0.9550163745880127,TRUE
58b4775de4b0eec3bce00863,0.9550163745880127,TRUE
58bd5a2ce4b0d23e377384c5,0.9550163745880127,TRUE
58bc7e55e4b0d23e3773798f,0.5783791542053223,TRUE
58bc43b3e4b0d23e37737229,0.9550163745880127,TRUE
58bdf983e4b0d23e37738fc2,0.9550163745880127,TRUE
589c8b99e4b0314ab22f9246,0.9503923654556274,TRUE
58be408fe4b0d23e377393a1,0.9503923654556274,TRUE
58baefbee4b0d23e37735f35,0.5721198320388794,TRUE
589e6ad6e4b0314ab22f94fa,0.9550163745880127,TRUE
58bd64f3e4b0d23e37738534,0.9550163745880127,TRUE
58bae921e4b0d23e37735e91,0.9495604634284973,TRUE
58bae728e4b0d23e37735e6d,0.9486522078514099,TRUE
58bdc81ce4b0d23e37738ba7,0.7725123167037964,TRUE
58bae47ce4b0d23e37735e2a,0.9550163745880127,TRUE
58bcb013e4b0d23e37737f4b,0.9550163745880127,TRUE
58a725aae4b0fe09880450db,0.9550163745880127,TRUE
58a7df46e4b0fe09880451e4,0.9498555064201355,TRUE
58bc4b2fe4b0d23e37737320,0.9498555064201355,TRUE
58badb3ae4b0d23e37735d30,0.9550163745880127,TRUE
58ad5f9ae4b08c6e1ec0ac9a,0.9500022530555725,TRUE
58be226de4b0d23e37739271,0.9550163745880127,TRUE
58af9b2de4b068eafab0c8b5,0.6509331464767456,TRUE
5897dd6ce4b05f998de95c98,0.9503923654556274,TRUE
58bdc2bce4b0d23e37738b55,0.9425173401832581,TRUE
586ad044e4b09266b0cab3a4,0.9550163745880127,TRUE
5899ab98e4b05f998de95e88,0.9550163745880127,TRUE
58b4737ee4b0eec3bce00854,0.9550163745880127,TRUE
58bb2c0ce4b0d23e37736447,0.9550163745880127,TRUE
58bb0169e4b0d23e377360d8,0.9550163745880127,TRUE
58b625e3e4b0d23e37734d65,0.8038454651832581,TRUE
58adff05e4b068eafab0c6d8,0.9550163745880127,TRUE
58b23ef8e4b0eec3bce003bc,0.9550163745880127,TRUE
589cfa22e4b0314ab22f92e4,0.9550163745880127,TRUE
58a8d19ce4b0fe098804535a,0.9125317931175232,TRUE
58bd5a0ae4b0d23e377384c3,0.9550163745880127,TRUE
58a7aff4e4b0fe09880451b5,0.9550163745880127,TRUE
5899b98be4b05f998de95e8d,0.8467936515808105,TRUE
589c8b5ee4b0314ab22f9243,0.9550163745880127,TRUE
58a700a6e4b0fe098804509c,0.9550163745880127,TRUE
58b1e63ae4b0eec3bce002a9,0.9550163745880127,TRUE
589fdc75e4b0314ab22f9718,0.9550163745880127,TRUE
58ad5cd2e4b08c6e1ec0ac98,0.7968326807022095,TRUE
589aa843e4b05f998de95fde,0.7539429664611816,TRUE
58b0a286e4b05f7a05193146,0.9550163745880127,TRUE
58a161fde4b0314ab22f99e0,0.9550163745880127,TRUE
589b3e47e4b05f998de96047,0.9550163745880127,TRUE
5897d504e4b05f998de95c8b,0.9502032399177551,TRUE
58bc44c3e4b0d23e3773724c,0.9550163745880127,TRUE
58b35cb7e4b0eec3bce005da,0.9445662498474121,TRUE
58b85bfce4b0d23e37735227,0.8038454651832581,TRUE
58af968fe4b068eafab0c8ac,0.9550163745880127,TRUE
589f9d4ae4b0314ab22f968f,0.9550163745880127,TRUE
58b34d1ee4b0eec3bce0059e,0.9550163745880127,TRUE
58b214bee4b0eec3bce0034d,0.9550163745880127,TRUE
58ab751ce4b08c6e1ec0a9a6,0.7927627563476562,TRUE
58b30822e4b0eec3bce00493,0.9521566033363342,TRUE
58bd59ece4b0d23e377384c0,0.9550163745880127,TRUE
58af682be4b068eafab0c836,0.9550163745880127,TRUE
58be2738e4b0d23e377392b2,0.9550163745880127,TRUE
588eb7c9e4b090cf9c5a4770,0.9489032030105591,TRUE
58adff22e4b068eafab0c6d9,0.9550163745880127,TRUE
58bb0d8ae4b0d23e377361d5,0.9550163745880127,TRUE
58bb42dfe4b0d23e37736614,0.9502032399177551,TRUE
58992f5ee4b05f998de95e15,0.9502032399177551,TRUE
58b795d4e4b0d23e377350e4,0.950760006904602,TRUE
589dd431e4b0314ab22f93b3,0.7425216436386108,TRUE
58c72d95e4b06d16e3cd4c58,0.7856090068817139,TRUE
58b4d967e4b0d23e37734ae2,0.6509331464767456,TRUE
58af2abbe4b068eafab0c7e9,0.9550163745880127,TRUE
58ba297de4b0d23e37735aff,0.49572575092315674,FALSE
58b8a7b4e4b0d23e37735359,0.7927627563476562,TRUE
58af7621e4b068eafab0c852,0.9519705176353455,TRUE
589904a0e4b05f998de95d9e,0.9478697180747986,TRUE
58bdcbe3e4b0d23e37738bff,0.9550163745880127,TRUE
58bc906ae4b0d23e37737bc9,0.9550163745880127,TRUE
58bb0d95e4b0d23e377361d6,0.9550163745880127,TRUE
58baf4f9e4b0d23e37735fca,0.9550163745880127,TRUE
58af89dfe4b068eafab0c88f,0.7669514417648315,TRUE
589b4b48e4b05f998de96055,0.5570222735404968,TRUE
58bcc31be4b0d23e37738103,0.7784297466278076,TRUE
5876f559e4b0087d2c8a078b,0.9425173401832581,TRUE
58b2ece9e4b0eec3bce0044c,0.9436349272727966,TRUE
58a4cf07e4b0314ab22f9d86,0.8837427496910095,TRUE
58ba42b3e4b0d23e37735b5f,0.5023360848426819,TRUE
58ae930ae4b068eafab0c764,0.9450811147689819,TRUE
58ae26dfe4b068eafab0c706,0.5609740018844604,TRUE
58b38e80e4b0eec3bce00664,0.9485514760017395,TRUE
58bb0aafe4b0d23e37736198,0.9502032399177551,TRUE
5872f57ee4b0e80f9e3c2595,0.9550163745880127,TRUE
5879028ee4b0d1a74fe8d4b0,0.9550163745880127,TRUE
58ab3c61e4b08c6e1ec0a91a,0.9486522078514099,TRUE
58a93e96e4b0fe09880453e5,0.9550163745880127,TRUE
5887ec83e4b05f73db0779b6,0.9521566033363342,TRUE
58bcdcade4b0d23e377382d8,0.9503923654556274,TRUE
5876f522e4b0087d2c8a0788,0.9519705176353455,TRUE
58b37679e4b0eec3bce0062d,0.9550163745880127,TRUE
58b03dcfe4b05f7a051930a0,0.9550163745880127,TRUE
589c55f0e4b05f998de96157,0.9550163745880127,TRUE
58893319e4b05f73db077a5b,0.9502032399177551,TRUE
58782ac9e4b0d1a74fe8d454,0.9550163745880127,TRUE
58a07af3e4b0314ab22f97b9,0.7669514417648315,TRUE
58bb244ce4b0d23e3773639c,0.7494045495986938,TRUE
58a9cea3e4b0fe098804546a,0.9550163745880127,TRUE
58ab132ce4b08c6e1ec0a8bc,0.9521566033363342,TRUE
588b514be4b090cf9c5a4503,0.9125317931175232,TRUE
5876f509e4b0087d2c8a0787,0.9509414434432983,TRUE
58af42d0e4b068eafab0c803,0.9550163745880127,TRUE
589a71afe4b05f998de95f7f,0.9550163745880127,TRUE
58a03f94e4b0314ab22f9795,0.9550163745880127,TRUE
58933790e4b018a8bfc28882,0.4916321039199829,FALSE
5879024ee4b0d1a74fe8d4ad,0.8273710012435913,TRUE
5899fbfbe4b05f998de95ebf,0.9550163745880127,TRUE
58b0c119e4b0eec3bce000e7,0.9550163745880127,TRUE
58accfc4e4b08c6e1ec0abb4,0.9509414434432983,TRUE
588a51e5e4b090cf9c5a446d,0.9550163745880127,TRUE
587b744ee4b0d1a74fe8d600,0.9550163745880127,TRUE
58a0b01ee4b0314ab22f9816,0.9486522078514099,TRUE
5871c4ace4b0e80f9e3c2530,0.9439235329627991,TRUE
587ced84e4b0d1a74fe8d6dc,0.9463897943496704,TRUE
58afae7fe4b068eafab0c8d0,0.9550163745880127,TRUE
588bcaa5e4b090cf9c5a4579,0.9550163745880127,TRUE
586fa0c8e4b0e80f9e3c242f,0.9550163745880127,TRUE
587d5de1e4b068f9da392921,0.9550163745880127,TRUE
58968fa8e4b05f998de95ad8,0.950760006904602,TRUE
588530dae4b04c4484df0838,0.9482873678207397,TRUE
587aaf45e4b0d1a74fe8d5ca,0.9486522078514099,TRUE
587cea02e4b0d1a74fe8d6d3,0.9550163745880127,TRUE
586b09dfe4b09266b0cab3ba,0.9486522078514099,TRUE
58839941e4b04c4484df070d,0.9550163745880127,TRUE
58b33faee4b0eec3bce0056b,0.6086874604225159,TRUE
58bae64de4b0d23e37735e5b,0.8504993915557861,TRUE
58badc47e4b0d23e37735d5c,0.9550163745880127,TRUE
58bafbece4b0d23e37736065,0.9503923654556274,TRUE
58bac4fbe4b0d23e37735c36,0.5663319230079651,TRUE
58a1b245e4b0314ab22f99e7,0.9548518061637878,TRUE
5893a185e4b018a8bfc288d3,0.9496755003929138,TRUE
587cd01ce4b0d1a74fe8d6ad,0.8484682440757751,TRUE
58b1c3a9e4b0eec3bce0023c,0.9482873678207397,TRUE
586d2309e4b00ce8c12e99d8,0.7669514417648315,TRUE
586b24dde4b09266b0cab3c3,0.9445662498474121,TRUE
5885511fe4b04c4484df085f,0.9550163745880127,TRUE
58b725f6e4b0d23e37734f53,0.9485514760017395,TRUE
58af451ae4b068eafab0c80c,0.9550163745880127,TRUE
58aa0a26e4b0fe09880454e2,0.9550163745880127,TRUE
58bcbce3e4b0d23e37738098,0.9463897943496704,TRUE
58bb3ac1e4b0d23e37736582,0.8250822424888611,TRUE
58a2761de4b0314ab22f9b3a,0.9550163745880127,TRUE
58cd2f9ae4b06d16e3cd7283,0.9550163745880127,TRUE
5899f904e4b05f998de95eba,0.9503923654556274,TRUE
58c4a28be4b06d16e3cd3757,0.9406645894050598,TRUE
58baf98be4b0d23e3773602b,0.7927627563476562,TRUE
58bb1090e4b0d23e37736216,0.9550163745880127,TRUE
58bb75d4e4b0d23e3773693e,0.8250822424888611,TRUE
58bc4f6de4b0d23e377373a0,0.9495604634284973,TRUE
58bc3e32e4b0d23e37737195,0.8273710012435913,TRUE
58b63c80e4b0d23e37734da7,0.7856090068817139,TRUE
58bb759ee4b0d23e3773693a,0.9550163745880127,TRUE
58b72ae0e4b0d23e37734f63,0.9550163745880127,TRUE
58bb6ac9e4b0d23e37736883,0.9550163745880127,TRUE
58bae208e4b0d23e37735de4,0.9550163745880127,TRUE
58b9aab9e4b0d23e3773554c,0.9550163745880127,TRUE
58baef34e4b0d23e37735f1b,0.9550163745880127,TRUE
58bc7808e4b0d23e377378c2,0.9493252038955688,TRUE
58bb16a4e4b0d23e377362a4,0.14827914535999298,FALSE
589a7631e4b05f998de95f83,0.8273710012435913,TRUE
58a78d1ee4b0fe0988045186,0.9550163745880127,TRUE
58ba08cae4b0d23e377359d1,0.7725123167037964,TRUE
58bb2e3de4b0d23e37736479,0.9502032399177551,TRUE
58bdacb3e4b0d23e3773899f,0.5449745059013367,TRUE
589f2f94e4b0314ab22f9596,0.9550163745880127,TRUE
58b85fe0e4b0d23e37735230,0.9550163745880127,TRUE
58bdcd83e4b0d23e37738c1e,0.8467936515808105,TRUE
58ac6543e4b08c6e1ec0aabd,0.7095752954483032,TRUE
58ba1492e4b0d23e37735a62,0.9550163745880127,TRUE
58a22268e4b0314ab22f9a9d,0.9521566033363342,TRUE
58ac9e73e4b08c6e1ec0ab38,0.7669514417648315,TRUE
58b76ca4e4b0d23e37735051,0.9550163745880127,TRUE
58ba1cdde4b0d23e37735ab1,0.9550163745880127,TRUE
58adb50de4b068eafab0c670,0.7669514417648315,TRUE
58bdb9a7e4b0d23e37738aaa,0.9550163745880127,TRUE
58b726cde4b0d23e37734f5a,0.9486522078514099,TRUE
58bc20c5e4b0d23e37736dbd,0.9550163745880127,TRUE
58a007f0e4b0314ab22f9768,0.9550163745880127,TRUE
58b43749e4b0eec3bce00758,0.9478697180747986,TRUE
58b6e533e4b0d23e37734ead,0.9550163745880127,TRUE
58b75ec0e4b0d23e3773502f,0.9550163745880127,TRUE
58b48b58e4b0d23e377349d7,0.5449745059013367,TRUE
588f5486e4b090cf9c5a4799,0.4539852738380432,FALSE
589663b9e4b05f998de95a6e,0.9550163745880127,TRUE
589cfb7ae4b0314ab22f92e9,0.9486522078514099,TRUE
58bad58ce4b0d23e37735cc4,0.9521566033363342,TRUE
588145a3e4b04c4484df05f1,0.9550163745880127,TRUE
58ae1e98e4b068eafab0c6fb,0.6465902328491211,TRUE
58aa7c10e4b0fe09880455b1,0.9550163745880127,TRUE
58ad51e7e4b08c6e1ec0ac63,0.9472306966781616,TRUE
589fbba1e4b0314ab22f96d6,0.9550163745880127,TRUE
589924eae4b05f998de95de6,0.9548518061637878,TRUE
58879c82e4b05f73db07797e,0.9550163745880127,TRUE
5883c5ace4b04c4484df0737,0.9550163745880127,TRUE
5893aa08e4b018a8bfc288e9,0.9483731389045715,TRUE
58a600a3e4b0314ab22f9ea5,0.7669514417648315,TRUE
58a0e9cce4b0314ab22f991e,0.7784297466278076,TRUE
58952309e4b05f998de9588c,0.7338858246803284,TRUE
58a38f95e4b0314ab22f9c30,0.4916321039199829,FALSE
589e1f16e4b0314ab22f946a,0.774272084236145,TRUE
5899fb23e4b05f998de95ebe,0.9550163745880127,TRUE
58922a60e4b018a8bfc287e2,0.9495604634284973,TRUE
588b9bc2e4b090cf9c5a4542,0.8250822424888611,TRUE
58840233e4b04c4484df0796,0.9521566033363342,TRUE
58b121ece4b0eec3bce0015f,0.9503923654556274,TRUE
58850e80e4b04c4484df080a,0.9503923654556274,TRUE
5883a9a8e4b04c4484df0719,0.9438359141349792,TRUE
58829befe4b04c4484df06a1,0.7642441987991333,TRUE
58cecf3fe4b06d16e3cd7f7f,0.9550163745880127,TRUE
58b01f48e4b068eafab0c903,0.9503923654556274,TRUE
58a8b14ee4b0fe09880452e8,0.9486522078514099,TRUE
58bc8463e4b0d23e37737a59,0.9550163745880127,TRUE
58bcc9b2e4b0d23e37738194,0.9550163745880127,TRUE
58bc72aee4b0d23e37737807,0.9550163745880127,TRUE
58bb36dce4b0d23e37736535,0.5487064719200134,TRUE
58b59f58e4b0d23e37734bf0,0.7968326807022095,TRUE
58bc279de4b0d23e37736e8e,0.9509414434432983,TRUE
58bc60dfe4b0d23e377375db,0.9550163745880127,TRUE
58af53c0e4b068eafab0c81e,0.9550163745880127,TRUE
58bb17dae4b0d23e377362bd,0.8425285816192627,TRUE
58bcacb5e4b0d23e37737eea,0.9550163745880127,TRUE
58bb1c36e4b0d23e3773631b,0.9550163745880127,TRUE
58bc4f4ee4b0d23e3773739b,0.8250822424888611,TRUE
58bc0932e4b0d23e37736b88,0.9550163745880127,TRUE
58b4e249e4b0d23e37734b05,0.8504993915557861,TRUE
58bc3835e4b0d23e377370db,0.9550163745880127,TRUE
58ce88dee4b06d16e3cd7c58,0.9550163745880127,TRUE
58bb7de3e4b0d23e377369b4,0.9550163745880127,TRUE
58bc51bce4b0d23e377373e7,0.9550163745880127,TRUE
58bc016fe4b0d23e37736b55,0.9550163745880127,TRUE
58bc2c9ce4b0d23e37736f34,0.8504993915557861,TRUE
58bea39ee4b0d23e37739422,0.9550163745880127,TRUE
58bcec52e4b0d23e37738370,0.9550163745880127,TRUE
58bc21f3e4b0d23e37736de7,0.9550163745880127,TRUE
58bcd7d8e4b0d23e377382b3,0.9550163745880127,TRUE
58bc30dae4b0d23e37736fdc,0.7725123167037964,TRUE
58c09d50e4b0d23e3773a661,0.8467936515808105,TRUE
58bb32e1e4b0d23e377364e6,0.9550163745880127,TRUE
58bd907ae4b0d23e377387b4,0.9550163745880127,TRUE
58bc6f71e4b0d23e377377a0,0.9550163745880127,TRUE
58c45716e4b06d16e3cd3311,0.9550163745880127,TRUE
58bca95ce4b0d23e37737e8a,0.9486522078514099,TRUE
58bc8656e4b0d23e37737a97,0.9550163745880127,TRUE
58bca3b9e4b0d23e37737e07,0.9550163745880127,TRUE
58bc37b2e4b0d23e377370c7,0.9550163745880127,TRUE
58bfde5ae4b0d23e37739f27,0.7968326807022095,TRUE
58beb0f0e4b0d23e37739458,0.7927627563476562,TRUE
58bdc10ce4b0d23e37738b32,0.9498555064201355,TRUE
58bc6db7e4b0d23e37737776,0.9550163745880127,TRUE
58bc6e85e4b0d23e3773778e,0.9550163745880127,TRUE
58bd8f26e4b0d23e3773879d,0.9503923654556274,TRUE
58bd88eee4b0d23e3773873a,0.5661848187446594,TRUE
58bc1dd0e4b0d23e37736d6d,0.7784297466278076,TRUE
58badf75e4b0d23e37735da5,0.9478697180747986,TRUE
58bea6f1e4b0d23e37739434,0.9550163745880127,TRUE
58bc244de4b0d23e37736e22,0.6583162546157837,TRUE
58d41aefe4b06d16e3cda3c2,0.4916321039199829,FALSE
58b8ac7ae4b0d23e37735363,0.9417675733566284,TRUE
58be0c93e4b0d23e37739148,0.9550163745880127,TRUE
58bc72e2e4b0d23e37737810,0.9550163745880127,TRUE
58be09c6e4b0d23e37739119,0.9550163745880127,TRUE
58bc9e3fe4b0d23e37737d61,0.9550163745880127,TRUE
58bc79eee4b0d23e377378f6,0.9495604634284973,TRUE
58ba0cb5e4b0d23e377359f2,0.9550163745880127,TRUE
58bb1946e4b0d23e377362dd,0.9503923654556274,TRUE
58b40128e4b0eec3bce006d5,0.5661848187446594,TRUE
58be0559e4b0d23e377390c2,0.9550163745880127,TRUE
58ba2098e4b0d23e37735ad2,0.9550163745880127,TRUE
58bb3afde4b0d23e37736587,0.9486522078514099,TRUE
58b8cf89e4b0d23e377353f8,0.9496755003929138,TRUE
58baec5ae4b0d23e37735ec8,0.9503923654556274,TRUE
58bc91dae4b0d23e37737bef,0.9550163745880127,TRUE
58bc8829e4b0d23e37737ac6,0.9509414434432983,TRUE
58bb9079e4b0d23e37736a54,0.7669514417648315,TRUE
58b6d49ae4b0d23e37734e6d,0.7669514417648315,TRUE
58bc163be4b0d23e37736c69,0.9550163745880127,TRUE
58bca0b8e4b0d23e37737da8,0.9550163745880127,TRUE
58bc4641e4b0d23e3773727a,0.9550163745880127,TRUE
58bc93aee4b0d23e37737c20,0.9548518061637878,TRUE
58be0ba9e4b0d23e3773913b,0.7425216436386108,TRUE
58d065bae4b06d16e3cd8c86,0.9548518061637878,TRUE
58bdbbc8e4b0d23e37738ade,0.5663319230079651,TRUE
58be1759e4b0d23e377391f2,0.8273710012435913,TRUE
58a519fae4b0314ab22f9df4,0.7856090068817139,TRUE
58bc2aa7e4b0d23e37736f01,0.8268690705299377,TRUE
58bc51efe4b0d23e377373f1,0.9550163745880127,TRUE
58bc6b60e4b0d23e37737716,0.9476900100708008,TRUE
58bc4824e4b0d23e377372bc,0.9550163745880127,TRUE
58bc18c7e4b0d23e37736cb5,0.9521566033363342,TRUE
58bc72f0e4b0d23e37737814,0.9550163745880127,TRUE
58bc96b8e4b0d23e37737c90,0.9550163745880127,TRUE
58bc519ae4b0d23e377373e2,0.7968326807022095,TRUE
58bc6297e4b0d23e3773760e,0.7669514417648315,TRUE
58bd9480e4b0d23e37738810,0.9550163745880127,TRUE
58bc59b5e4b0d23e377374f7,0.9550163745880127,TRUE
58b81c41e4b0d23e3773518d,0.9550163745880127,TRUE
58bcd079e4b0d23e3773821c,0.8273710012435913,TRUE
58bcead1e4b0d23e37738360,0.9521566033363342,TRUE
58bddd6ce4b0d23e37738d6a,0.9486522078514099,TRUE
58bc63c9e4b0d23e37737627,0.9550163745880127,TRUE
58bae994e4b0d23e37735e9b,0.9486522078514099,TRUE
58cea271e4b06d16e3cd7d35,0.9550163745880127,TRUE
58bdfd00e4b0d23e3773901c,0.9503923654556274,TRUE
58bb5a54e4b0d23e37736754,0.9550163745880127,TRUE
587bba8de4b0d1a74fe8d627,0.9550163745880127,TRUE
58bc91a2e4b0d23e37737be7,0.9503923654556274,TRUE
58bb0404e4b0d23e377360f7,0.9521566033363342,TRUE
58bc357fe4b0d23e3773707e,0.8250822424888611,TRUE
5893a802e4b018a8bfc288de,0.9550163745880127,TRUE
58bc5af5e4b0d23e3773751e,0.9077751636505127,TRUE
58bdd162e4b0d23e37738c6a,0.9503923654556274,TRUE
58bcbc5de4b0d23e3773808b,0.7494045495986938,TRUE
58bd62dfe4b0d23e3773851d,0.5594081878662109,TRUE
58a02952e4b0314ab22f978a,0.9550163745880127,TRUE
58bb8b16e4b0d23e37736a2e,0.7784297466278076,TRUE
58bc0db3e4b0d23e37736bc7,0.26909154653549194,FALSE
58bdc925e4b0d23e37738bc5,0.9550163745880127,TRUE
58bb7001e4b0d23e377368df,0.9550163745880127,TRUE
58bc460ae4b0d23e37737273,0.9503923654556274,TRUE
58bdb40ee4b0d23e37738a0f,0.9521566033363342,TRUE
58bcd293e4b0d23e37738256,0.6086874604225159,TRUE
58bb34c1e4b0d23e37736511,0.9486522078514099,TRUE
58bc0f4fe4b0d23e37736be7,0.9550163745880127,TRUE
58cea0e4e4b06d16e3cd7d1c,0.9503923654556274,TRUE
58bd546de4b0d23e3773847d,0.9550163745880127,TRUE
58bd90fee4b0d23e377387bb,0.9485514760017395,TRUE
58c41ee9e4b06d16e3cd2fce,0.9503923654556274,TRUE
58a84c41e4b0fe098804521f,0.9503923654556274,TRUE
58caf66ee4b06d16e3cd656e,0.9521566033363342,TRUE
58bcc5f8e4b0d23e37738141,0.9496755003929138,TRUE
58b9ff24e4b0d23e37735977,0.9550163745880127,TRUE
58b9fe62e4b0d23e3773596b,0.5008987784385681,TRUE
58bde186e4b0d23e37738dab,0.9503923654556274,TRUE
58bea3cee4b0d23e37739424,0.9496755003929138,TRUE
58bc4e5ae4b0d23e37737379,0.9550163745880127,TRUE
58c24d9be4b06d16e3cd21cd,0.9550163745880127,TRUE
58bcc4f5e4b0d23e37738125,0.9519705176353455,TRUE
58cfade6e4b06d16e3cd8612,0.9550163745880127,TRUE
58c0a5c3e4b0d23e3773a6b5,0.5885220766067505,TRUE
58bc1a3de4b0d23e37736cec,0.9502032399177551,TRUE
58bc657fe4b0d23e37737658,0.9550163745880127,TRUE
58b9be3ae4b0d23e377356b6,0.9550163745880127,TRUE
58ccec61e4b06d16e3cd7202,0.9550163745880127,TRUE
58bd656ae4b0d23e37738540,0.9496755003929138,TRUE
58bc4838e4b0d23e377372c1,0.3137284517288208,FALSE
58ba055ce4b0d23e377359c1,0.9493252038955688,TRUE
58be3e6ae4b0d23e37739399,0.9550163745880127,TRUE
58be3ccbe4b0d23e37739390,0.9550163745880127,TRUE
58cfd63ae4b06d16e3cd86e4,0.9385367631912231,TRUE
58be2657e4b0d23e377392a9,0.9550163745880127,TRUE
58be4c84e4b0d23e377393c4,0.9503923654556274,TRUE
58be216ae4b0d23e37739267,0.9550163745880127,TRUE
58bde314e4b0d23e37738dd4,0.9550163745880127,TRUE
58be16f4e4b0d23e377391e8,0.5531970262527466,TRUE
58bc42f4e4b0d23e3773720c,0.9550163745880127,TRUE
58bc6fa4e4b0d23e377377a7,0.9550163745880127,TRUE
58bc5e20e4b0d23e37737585,0.7425216436386108,TRUE
58bdfd70e4b0d23e37739022,0.5654640793800354,TRUE
58bc65b6e4b0d23e37737662,0.9550163745880127,TRUE
58bdf929e4b0d23e37738fba,0.9459778666496277,TRUE
58bdea65e4b0d23e37738e76,0.9486522078514099,TRUE
58bc6c67e4b0d23e37737740,0.9519705176353455,TRUE
58bde0c7e4b0d23e37738d99,0.8504993915557861,TRUE
58bc9a15e4b0d23e37737cf2,0.9550163745880127,TRUE
58bc134fe4b0d23e37736c47,0.9550163745880127,TRUE
58bdbb39e4b0d23e37738ad0,0.9395065903663635,TRUE
58bdc47be4b0d23e37738b6e,0.9550163745880127,TRUE
58bdc802e4b0d23e37738ba3,0.9550163745880127,TRUE
58bdc456e4b0d23e37738b6c,0.9521566033363342,TRUE
58bda04fe4b0d23e377388e7,0.9486522078514099,TRUE
58bd91d1e4b0d23e377387d6,0.9550163745880127,TRUE
58b3676fe4b0eec3bce00617,0.7669514417648315,TRUE
58bde10ce4b0d23e37738d9f,0.9503923654556274,TRUE
58bda523e4b0d23e37738934,0.9486522078514099,TRUE
58bd9fcee4b0d23e377388d8,0.9503923654556274,TRUE
58bdf361e4b0d23e37738f40,0.9550163745880127,TRUE
58bd9846e4b0d23e3773884f,0.9550163745880127,TRUE
58bd9d18e4b0d23e377388ad,0.9445662498474121,TRUE
58bd572be4b0d23e3773848f,0.9483731389045715,TRUE
58bdc5bfe4b0d23e37738b7d,0.9500022530555725,TRUE
58b6953de4b0d23e37734dfd,0.4916321039199829,FALSE
58bd918de4b0d23e377387d0,0.9550163745880127,TRUE
58be1092e4b0d23e3773917e,0.8504993915557861,TRUE
58c08134e4b0d23e3773a4c0,0.9521566033363342,TRUE
58bd7e94e4b0d23e3773869b,0.9550163745880127,TRUE
58bd8615e4b0d23e3773870b,0.9550163745880127,TRUE
58bc60d0e4b0d23e377375d6,0.9503923654556274,TRUE
58bcabf7e4b0d23e37737ed3,0.7968326807022095,TRUE
58b76012e4b0d23e37735031,0.9550163745880127,TRUE
58bf037ee4b0d23e3773984b,0.9521566033363342,TRUE
58bd6d72e4b0d23e377385b9,0.9493252038955688,TRUE
58bce6b1e4b0d23e37738342,0.9550163745880127,TRUE
58be08b4e4b0d23e377390fe,0.9550163745880127,TRUE
58bce693e4b0d23e3773833f,0.9503923654556274,TRUE
58bd7e6be4b0d23e37738697,0.9550163745880127,TRUE
58bcf236e4b0d23e377383aa,0.9485514760017395,TRUE
58bdc745e4b0d23e37738b97,0.9550163745880127,TRUE
58bcdf1ce4b0d23e377382f9,0.9485514760017395,TRUE
58bca25ae4b0d23e37737dd1,0.9502032399177551,TRUE
58a66fa6e4b0314ab22f9f6d,0.9382831454277039,TRUE
58bb214ae4b0d23e37736371,0.9550163745880127,TRUE
58bd9e37e4b0d23e377388bc,0.9550163745880127,TRUE
58bcc716e4b0d23e37738158,0.9550163745880127,TRUE
58bc4ef7e4b0d23e3773738f,0.9486522078514099,TRUE
58bdabd3e4b0d23e3773898f,0.9550163745880127,TRUE
58bc919ce4b0d23e37737be6,0.9500022530555725,TRUE
58bcb202e4b0d23e37737f81,0.9493252038955688,TRUE
58bca992e4b0d23e37737e91,0.9503923654556274,TRUE
58bc710ce4b0d23e377377d9,0.9550163745880127,TRUE
58bce696e4b0d23e37738340,0.9503923654556274,TRUE
58bc94ade4b0d23e37737c3a,0.7669514417648315,TRUE
58b9af88e4b0d23e377355a6,0.9521566033363342,TRUE
58bc93e2e4b0d23e37737c26,0.9548518061637878,TRUE
58be200ce4b0d23e3773925e,0.9550163745880127,TRUE
58bc906be4b0d23e37737bca,0.7652044296264648,TRUE
58c0b87fe4b0d23e3773a796,0.7487657070159912,TRUE
58bc8615e4b0d23e37737a8d,0.5096734762191772,TRUE
58bc9777e4b0d23e37737ca6,0.9496755003929138,TRUE
58bc3bc3e4b0d23e37737155,0.9498555064201355,TRUE
58ba1bc7e4b0d23e37735aa5,0.9422221183776855,TRUE
58bc9c87e4b0d23e37737d30,0.9550163745880127,TRUE
58bc7ae5e4b0d23e3773790a,0.9550163745880127,TRUE
58bde680e4b0d23e37738e19,0.9550163745880127,TRUE
58bc7755e4b0d23e377378a3,0.8273710012435913,TRUE
58bc7696e4b0d23e37737888,0.8273710012435913,TRUE
58bc7632e4b0d23e37737874,0.9550163745880127,TRUE
58bc6e35e4b0d23e37737788,0.9550163745880127,TRUE
58bc6a77e4b0d23e377376f9,0.9502032399177551,TRUE
58bc672ce4b0d23e3773768c,0.844662606716156,TRUE
58bc6a50e4b0d23e377376f3,0.9550163745880127,TRUE
58bc6070e4b0d23e377375cc,0.7669514417648315,TRUE
58bc6064e4b0d23e377375cb,0.9550163745880127,TRUE
58be176ae4b0d23e377391f9,0.9550163745880127,TRUE
58bc65b5e4b0d23e37737661,0.9550163745880127,TRUE
58bc627ee4b0d23e3773760b,0.950760006904602,TRUE
58bc95afe4b0d23e37737c64,0.7669514417648315,TRUE
58bc3c4be4b0d23e3773715d,0.9550163745880127,TRUE
58bc0dbae4b0d23e37736bc8,0.9550163745880127,TRUE
58bc819ae4b0d23e37737a02,0.5783791542053223,TRUE
58bc1a9ee4b0d23e37736cf9,0.7652044296264648,TRUE
58bc4a70e4b0d23e3773730e,0.9550163745880127,TRUE
58bc3218e4b0d23e3773700e,0.9468932747840881,TRUE
58bb4e93e4b0d23e377366b1,0.9509414434432983,TRUE
58bb0bd8e4b0d23e377361b0,0.7725123167037964,TRUE
58bc920ce4b0d23e37737bf9,0.9382831454277039,TRUE
58bc173de4b0d23e37736c85,0.8504993915557861,TRUE
58bc475fe4b0d23e377372a4,0.7614496946334839,TRUE
58abad50e4b08c6e1ec0aa21,0.9550163745880127,TRUE
58b85b91e4b0d23e37735224,0.844662606716156,TRUE
58bcac43e4b0d23e37737edc,0.9550163745880127,TRUE
58badd1ee4b0d23e37735d72,0.9550163745880127,TRUE
58bc45afe4b0d23e37737269,0.9521566033363342,TRUE
58bc0b06e4b0d23e37736b97,0.7545214295387268,TRUE
58bd8b25e4b0d23e37738753,0.9550163745880127,TRUE
589cff32e4b0314ab22f92ef,0.9550163745880127,TRUE
58bc5014e4b0d23e377373b4,0.9550163745880127,TRUE
58bc34d3e4b0d23e3773706b,0.9502032399177551,TRUE
58a0c573e4b0314ab22f9844,0.9550163745880127,TRUE
58bc38a0e4b0d23e377370f1,0.7827362418174744,TRUE
58bb3327e4b0d23e377364ef,0.9503923654556274,TRUE
58bcac97e4b0d23e37737ee9,0.7958778142929077,TRUE
58bc380be4b0d23e377370d2,0.9509414434432983,TRUE
58bc3851e4b0d23e377370e2,0.9550163745880127,TRUE
58bc7190e4b0d23e377377e6,0.9550163745880127,TRUE
58bc16c8e4b0d23e37736c78,0.9519705176353455,TRUE
58bc33d1e4b0d23e37737046,0.9509414434432983,TRUE
58be2683e4b0d23e377392ab,0.8420984148979187,TRUE
58bc1ebee4b0d23e37736d85,0.9550163745880127,TRUE
58bc31c7e4b0d23e37737007,0.9550163745880127,TRUE
58bc2e39e4b0d23e37736f6b,0.9550163745880127,TRUE
58bc6339e4b0d23e37737616,0.9476900100708008,TRUE
58bd7577e4b0d23e37738627,0.9550163745880127,TRUE
58bc087de4b0d23e37736b7f,0.9550163745880127,TRUE
58bc3840e4b0d23e377370df,0.9550163745880127,TRUE
58bc2d1ae4b0d23e37736f43,0.9550163745880127,TRUE
58bd60b3e4b0d23e37738501,0.9550163745880127,TRUE
58bade82e4b0d23e37735d90,0.9550163745880127,TRUE
58bc2abce4b0d23e37736f02,0.947909414768219,TRUE
58bc0852e4b0d23e37736b7d,0.9550163745880127,TRUE
58b338fde4b0eec3bce0054a,0.9485514760017395,TRUE
58bdcdfae4b0d23e37738c28,0.9550163745880127,TRUE
58c47264e4b06d16e3cd34ca,0.9521566033363342,TRUE
58bc20a0e4b0d23e37736db5,0.9305869936943054,TRUE
58bdb218e4b0d23e377389f6,0.6509331464767456,TRUE
58bc899de4b0d23e37737aed,0.9550163745880127,TRUE
589922cee4b05f998de95ddf,0.9550163745880127,TRUE
58bc2421e4b0d23e37736e1c,0.9550163745880127,TRUE
58b2d529e4b0eec3bce0042e,0.8268690705299377,TRUE
58aec2d6e4b068eafab0c775,0.9495604634284973,TRUE
58bca562e4b0d23e37737e2b,0.9503923654556274,TRUE
58bdbed0e4b0d23e37738b0e,0.86981201171875,TRUE
58bd8bfde4b0d23e37738764,0.9486522078514099,TRUE
58c04a59e4b0d23e3773a23d,0.49577653408050537,FALSE
58bcbeaae4b0d23e377380b4,0.9550163745880127,TRUE
58bb20bce4b0d23e37736369,0.9495604634284973,TRUE
58bbb14be4b0d23e37736ae7,0.9550163745880127,TRUE
58bd00efe4b0d23e377383ea,0.3422568142414093,FALSE
58bda7b8e4b0d23e37738961,0.9503923654556274,TRUE
58bc7d2ee4b0d23e37737962,0.9550163745880127,TRUE
58bc641fe4b0d23e3773762e,0.19983474910259247,FALSE
58bc110de4b0d23e37736c06,0.8268690705299377,TRUE
58bd6554e4b0d23e3773853d,0.9486522078514099,TRUE
58bc0d19e4b0d23e37736bb9,0.9496755003929138,TRUE
58bc0c2ce4b0d23e37736ba8,0.9550163745880127,TRUE
58bbcb04e4b0d23e37736b0d,0.9550163745880127,TRUE
58bc0740e4b0d23e37736b73,0.7669514417648315,TRUE
58bc02a7e4b0d23e37736b5b,0.9550163745880127,TRUE
58bbbae2e4b0d23e37736aee,0.7856090068817139,TRUE
58bb91e1e4b0d23e37736a60,0.9550163745880127,TRUE
58bb4135e4b0d23e377365fd,0.9521566033363342,TRUE
58bb77cfe4b0d23e37736962,0.9550163745880127,TRUE
58bb0f88e4b0d23e377361f3,0.9550163745880127,TRUE
58bc1e07e4b0d23e37736d73,0.8066471815109253,TRUE
58bb740be4b0d23e37736920,0.7669514417648315,TRUE
58be0fb0e4b0d23e37739171,0.6465902328491211,TRUE
58b6ff80e4b0d23e37734f08,0.7803015112876892,TRUE
58bc615ee4b0d23e377375ed,0.9550163745880127,TRUE
58b85b67e4b0d23e37735222,0.9436349272727966,TRUE
58a70a40e4b0fe09880450bb,0.7425216436386108,TRUE
58baddc4e4b0d23e37735d88,0.8504993915557861,TRUE
58bdf9a5e4b0d23e37738fc4,0.9509414434432983,TRUE
58bafe4ce4b0d23e377360a6,0.9550163745880127,TRUE
58bb28e3e4b0d23e3773640d,0.9550163745880127,TRUE
58bded88e4b0d23e37738ec6,0.9550163745880127,TRUE
58ba10cde4b0d23e37735a26,0.9550163745880127,TRUE
58987743e4b05f998de95cf6,0.7968326807022095,TRUE
58bb7389e4b0d23e37736916,0.9503923654556274,TRUE
58bc729de4b0d23e37737806,0.9550163745880127,TRUE
58bc9328e4b0d23e37737c12,0.9550163745880127,TRUE
58bb7ae9e4b0d23e37736994,0.5570222735404968,TRUE
58bb7b83e4b0d23e3773699f,0.9550163745880127,TRUE
58bb749ee4b0d23e3773692a,0.9503923654556274,TRUE
58b197a2e4b0eec3bce001ad,0.9550163745880127,TRUE
58bc1f1ae4b0d23e37736d92,0.7669514417648315,TRUE
58bb65ece4b0d23e37736842,0.9550163745880127,TRUE
58cf2395e4b06d16e3cd8425,0.9550163745880127,TRUE
58b9ce6ce4b0d23e377357a2,0.9004597067832947,TRUE
58b06067e4b05f7a051930c1,0.7927627563476562,TRUE
58bb63a6e4b0d23e37736812,0.9503923654556274,TRUE
58bca3c0e4b0d23e37737e08,0.9550163745880127,TRUE
588cff7ee4b090cf9c5a462a,0.9550163745880127,TRUE
58a24f9be4b0314ab22f9af4,0.9550163745880127,TRUE
58bb3b92e4b0d23e37736591,0.9550163745880127,TRUE
58bae2d3e4b0d23e37735dfe,0.9005860686302185,TRUE
58bb1938e4b0d23e377362db,0.9550163745880127,TRUE
58bb1b00e4b0d23e377362fe,0.9550163745880127,TRUE
58b9afd5e4b0d23e377355ae,0.9521566033363342,TRUE
58ad4e3be4b08c6e1ec0ac61,0.9438359141349792,TRUE
58bb56cee4b0d23e37736723,0.9550163745880127,TRUE
58bb590de4b0d23e37736740,0.9550163745880127,TRUE
58bc85d9e4b0d23e37737a84,0.8504993915557861,TRUE
58bdb0ffe4b0d23e377389e4,0.9503923654556274,TRUE
58be173be4b0d23e377391ef,0.9550163745880127,TRUE
58bd51f1e4b0d23e37738473,0.9550163745880127,TRUE
58a0288de4b0314ab22f9786,0.9550163745880127,TRUE
58baeec9e4b0d23e37735f07,0.9550163745880127,TRUE
58bcdc5ae4b0d23e377382d5,0.9509414434432983,TRUE
58bb9e22e4b0d23e37736aac,0.8504993915557861,TRUE
58bb5f1ce4b0d23e377367ba,0.9550163745880127,TRUE
58bd6104e4b0d23e37738507,0.7652044296264648,TRUE
58bb3b97e4b0d23e37736592,0.9493252038955688,TRUE
58bb459ce4b0d23e3773663d,0.9550163745880127,TRUE
58b3f958e4b0eec3bce006c6,0.5783791542053223,TRUE
58bc997be4b0d23e37737cdf,0.9550163745880127,TRUE
58b209bde4b0eec3bce00338,0.9550163745880127,TRUE
58badbc1e4b0d23e37735d48,0.9503923654556274,TRUE
58bb61d9e4b0d23e377367f3,0.7424448728561401,TRUE
58bb259ae4b0d23e377363ba,0.9550163745880127,TRUE
58bb19b5e4b0d23e377362e4,0.9550163745880127,TRUE
58bdd64de4b0d23e37738ccb,0.9471848607063293,TRUE
58bc498be4b0d23e377372ec,0.8484682440757751,TRUE
58b9c7f4e4b0d23e37735745,0.9503923654556274,TRUE
58bb5d8fe4b0d23e377367a5,0.9550163745880127,TRUE
58baeea7e4b0d23e37735f04,0.7424448728561401,TRUE
58bb396de4b0d23e37736563,0.9550163745880127,TRUE
58bb1157e4b0d23e3773622d,0.9521566033363342,TRUE
58bb7beae4b0d23e377369a4,0.9425173401832581,TRUE
58bb9352e4b0d23e37736a6e,0.7263902425765991,TRUE
58bb210ee4b0d23e3773636c,0.9550163745880127,TRUE
58b3f93ae4b0eec3bce006c5,0.5023360848426819,TRUE
58bb251de4b0d23e377363ab,0.9305869936943054,TRUE
58c098e1e4b0d23e3773a617,0.9486522078514099,TRUE
58bc951de4b0d23e37737c49,0.28995856642723083,FALSE
58bce622e4b0d23e37738335,0.9486522078514099,TRUE
58bb7cb9e4b0d23e377369aa,0.9550163745880127,TRUE
58bae101e4b0d23e37735dc9,0.7425216436386108,TRUE
58bb187ee4b0d23e377362c8,0.8038454651832581,TRUE
58854746e4b04c4484df0857,0.9452325701713562,TRUE
58bb7fd0e4b0d23e377369d0,0.9550163745880127,TRUE
58bb134be4b0d23e3773624f,0.9550163745880127,TRUE
58bd871fe4b0d23e37738718,0.9550163745880127,TRUE
5892b225e4b018a8bfc28869,0.9422221183776855,TRUE
58ba1358e4b0d23e37735a4c,0.9550163745880127,TRUE
58bb168de4b0d23e377362a1,0.9503923654556274,TRUE
58bb14cce4b0d23e3773627b,0.8268690705299377,TRUE
58bc7edee4b0d23e3773799d,0.9550163745880127,TRUE
58b82a03e4b0d23e377351b5,0.8268690705299377,TRUE
58b8143fe4b0d23e37735177,0.9550163745880127,TRUE
58ba59cbe4b0d23e37735bd1,0.7669514417648315,TRUE
58bb5c12e4b0d23e3773677b,0.9548518061637878,TRUE
58b3bf0de4b0eec3bce006a3,0.5077080130577087,TRUE
5884d320e4b04c4484df07da,0.9550163745880127,TRUE
58bc1866e4b0d23e37736ca5,0.9550163745880127,TRUE
58baf71be4b0d23e37735ff3,0.9550163745880127,TRUE
58bb1659e4b0d23e3773629e,0.9550163745880127,TRUE
58bb0692e4b0d23e3773612c,0.9486522078514099,TRUE
58ba66b3e4b0d23e37735bd7,0.8273710012435913,TRUE
589c2998e4b05f998de96154,0.9550163745880127,TRUE
58964ad0e4b05f998de95a15,0.9550163745880127,TRUE
58bafc22e4b0d23e3773606d,0.9503923654556274,TRUE
58a5e971e4b0314ab22f9e67,0.5594081878662109,TRUE
58bb0777e4b0d23e3773613f,0.5713487267494202,TRUE
58baf2ade4b0d23e37735f7f,0.9550163745880127,TRUE
58a41ec8e4b0314ab22f9cad,0.9550163745880127,TRUE
58baf64ee4b0d23e37735fe4,0.9550163745880127,TRUE
58bb69d1e4b0d23e37736872,0.9550163745880127,TRUE
58baeb2be4b0d23e37735eb3,0.9550163745880127,TRUE
5897908de4b05f998de95c05,0.9550163745880127,TRUE
58bc958be4b0d23e37737c61,0.5713487267494202,TRUE
58baf29ce4b0d23e37735f7d,0.9550163745880127,TRUE
58be1734e4b0d23e377391ed,0.6803006529808044,TRUE
58978e04e4b05f998de95bff,0.9550163745880127,TRUE
58b9f59de4b0d23e37735919,0.9550163745880127,TRUE
58ba1a9de4b0d23e37735a99,0.5783791542053223,TRUE
58baefd8e4b0d23e37735f38,0.9550163745880127,TRUE
58b0a38de4b05f7a0519314a,0.9550163745880127,TRUE
588f77a7e4b090cf9c5a47cc,0.9550163745880127,TRUE
58b74a37e4b0d23e37734fdd,0.9550163745880127,TRUE
58af8511e4b068eafab0c887,0.9521566033363342,TRUE
58badef6e4b0d23e37735d9a,0.9550163745880127,TRUE
58baef58e4b0d23e37735f26,0.9521566033363342,TRUE
58baed84e4b0d23e37735ee4,0.9486522078514099,TRUE
58b9b6cde4b0d23e3773562b,0.9550163745880127,TRUE
58baf6c1e4b0d23e37735feb,0.9550163745880127,TRUE
58bada44e4b0d23e37735d16,0.9550163745880127,TRUE
58bcd4e3e4b0d23e37738282,0.9550163745880127,TRUE
5896ab49e4b05f998de95afd,0.7669514417648315,TRUE
58bac419e4b0d23e37735c30,0.9503923654556274,TRUE
58b1dddae4b0eec3bce0028e,0.9550163745880127,TRUE
587685a3e4b0087d2c8a0709,0.9550163745880127,TRUE
58bae219e4b0d23e37735de8,0.950760006904602,TRUE
58b9df36e4b0d23e3773585d,0.5630715489387512,TRUE
58b76bc3e4b0d23e3773504e,0.9550163745880127,TRUE
58af8dcce4b068eafab0c897,0.9503923654556274,TRUE
58afb231e4b068eafab0c8d4,0.7725123167037964,TRUE
58b72cb5e4b0d23e37734f66,0.7642441987991333,TRUE
58b81c1be4b0d23e3773518c,0.9550163745880127,TRUE
58adb6d5e4b068eafab0c671,0.7669514417648315,TRUE
587135b3e4b0e80f9e3c24f1,0.9550163745880127,TRUE
58bdfa84e4b0d23e37738fdf,0.9483731389045715,TRUE
58a023a3e4b0314ab22f977b,0.913408637046814,TRUE
58bc7333e4b0d23e3773781b,0.9550163745880127,TRUE
58bae052e4b0d23e37735db2,0.9550163745880127,TRUE
58bb928fe4b0d23e37736a67,0.9485514760017395,TRUE
58bae1a3e4b0d23e37735dd6,0.950760006904602,TRUE
58bc9217e4b0d23e37737bfa,0.3378097712993622,FALSE
58b3545ce4b0eec3bce005b5,0.9550163745880127,TRUE
58b660b7e4b0d23e37734dd7,0.5471392273902893,TRUE
58b4b739e4b0d23e37734a5b,0.774272084236145,TRUE
58bae054e4b0d23e37735db3,0.7141647338867188,TRUE
58a3a207e4b0314ab22f9c43,0.9550163745880127,TRUE
58baeb33e4b0d23e37735eb4,0.7725123167037964,TRUE
58a83eb5e4b0fe09880451f7,0.9503923654556274,TRUE
58bb2308e4b0d23e37736388,0.9550163745880127,TRUE
58badbc8e4b0d23e37735d4c,0.9486522078514099,TRUE
58b5ff2de4b0d23e37734cbd,0.9478697180747986,TRUE
58a71311e4b0fe09880450c3,0.950760006904602,TRUE
58b9a94ae4b0d23e3773553f,0.9521566033363342,TRUE
58b475dbe4b0eec3bce0085a,0.9550163745880127,TRUE
58cf6b96e4b06d16e3cd85df,0.9476900100708008,TRUE
58bae77de4b0d23e37735e74,0.9550163745880127,TRUE
58bad464e4b0d23e37735ca7,0.9550163745880127,TRUE
58a8d1afe4b0fe098804535c,0.7827362418174744,TRUE
58ba0099e4b0d23e37735988,0.9550163745880127,TRUE
58b9bcb3e4b0d23e3773569a,0.9550163745880127,TRUE
58b22a1fe4b0eec3bce00381,0.9521566033363342,TRUE
58b769f2e4b0d23e37735049,0.9550163745880127,TRUE
58704d39e4b0e80f9e3c24cd,0.5077080130577087,TRUE
58bab926e4b0d23e37735c01,0.7669514417648315,TRUE
58b4ae49e4b0d23e37734a3d,0.9550163745880127,TRUE
58baa2f2e4b0d23e37735be8,0.7642441987991333,TRUE
58a0238ee4b0314ab22f977a,0.9472306966781616,TRUE
58b9ed5ae4b0d23e377358da,0.9486522078514099,TRUE
58b9ec11e4b0d23e377358c4,0.9550163745880127,TRUE
58a89fa3e4b0fe09880452c7,0.7141647338867188,TRUE
58b6f326e4b0d23e37734ee5,0.9550163745880127,TRUE
58b9b36ae4b0d23e377355fd,0.9503923654556274,TRUE
58bb1e62e4b0d23e3773633b,0.9550163745880127,TRUE
58bc8aace4b0d23e37737b22,0.9550163745880127,TRUE
5871c15de4b0e80f9e3c252a,0.9550163745880127,TRUE
58ba0c24e4b0d23e377359ec,0.9550163745880127,TRUE
58bb3317e4b0d23e377364ee,0.9550163745880127,TRUE
58a44989e4b0314ab22f9cc0,0.9550163745880127,TRUE
58ba1b24e4b0d23e37735a9f,0.9521566033363342,TRUE
58b7a449e4b0d23e3773510a,0.9476900100708008,TRUE
58ba0bdce4b0d23e377359ea,0.9438359141349792,TRUE
58add176e4b068eafab0c689,0.5008987784385681,TRUE
58bac38ee4b0d23e37735c2a,0.7206377387046814,TRUE
58b50612e4b0d23e37734b59,0.9550163745880127,TRUE
58b8874de4b0d23e377352cd,0.7725123167037964,TRUE
58b9b010e4b0d23e377355b2,0.9550163745880127,TRUE
58b50405e4b0d23e37734b4c,0.8830738067626953,TRUE
58b0b72ee4b05f7a0519318f,0.9550163745880127,TRUE
58b9b496e4b0d23e37735611,0.9521566033363342,TRUE
58af387ce4b068eafab0c7fb,0.9550163745880127,TRUE
58914831e4b090cf9c5a4953,0.9550163745880127,TRUE
58b73469e4b0d23e37734f83,0.9521566033363342,TRUE
58b1d345e4b0eec3bce00274,0.9521566033363342,TRUE
58ba2b60e4b0d23e37735b08,0.9503923654556274,TRUE
58b8cf0fe4b0d23e377353f6,0.8504993915557861,TRUE
58ba34fce4b0d23e37735b32,0.9550163745880127,TRUE
58c5baeee4b06d16e3cd409f,0.7968326807022095,TRUE
58a88473e4b0fe098804528b,0.9445662498474121,TRUE
58a76eb4e4b0fe0988045154,0.8504993915557861,TRUE
58b4a01ae4b0d23e37734a11,0.9486522078514099,TRUE
58bccf78e4b0d23e377381fe,0.7725123167037964,TRUE
58af7c56e4b068eafab0c86c,0.9550163745880127,TRUE
58b9b181e4b0d23e377355ce,0.844662606716156,TRUE
58bb5333e4b0d23e377366ed,0.9550163745880127,TRUE
58a08975e4b0314ab22f97c3,0.8066471815109253,TRUE
58bb41e4e4b0d23e37736603,0.9502032399177551,TRUE
58979b2be4b05f998de95c13,0.8420984148979187,TRUE
58ba0791e4b0d23e377359c7,0.9550163745880127,TRUE
58bb7ceee4b0d23e377369ac,0.9550163745880127,TRUE
58bdf74ee4b0d23e37738f8a,0.9550163745880127,TRUE
58b079d5e4b05f7a051930e1,0.9486522078514099,TRUE
58bdf365e4b0d23e37738f41,0.8038454651832581,TRUE
58ab79fee4b08c6e1ec0a9be,0.9019810557365417,TRUE
58b726b3e4b0d23e37734f58,0.9550163745880127,TRUE
58b22896e4b0eec3bce0037b,0.9550163745880127,TRUE
58ba03eae4b0d23e377359b8,0.9550163745880127,TRUE
58bc93a5e4b0d23e37737c1e,0.9438359141349792,TRUE
58bb3af2e4b0d23e37736586,0.9550163745880127,TRUE
58951e23e4b05f998de95884,0.7669514417648315,TRUE
58b806eae4b0d23e37735165,0.9503923654556274,TRUE
58b99c73e4b0d23e37735511,0.4916321039199829,FALSE
58b8f08be4b0d23e37735446,0.9550163745880127,TRUE
58797e74e4b0d1a74fe8d514,0.9503923654556274,TRUE
58aa3199e4b0fe0988045537,0.7263902425765991,TRUE
58b9d883e4b0d23e37735828,0.9550163745880127,TRUE
58b8d104e4b0d23e37735402,0.7803015112876892,TRUE
58bc486ee4b0d23e377372c6,0.9550163745880127,TRUE
58b82550e4b0d23e377351ad,0.9550163745880127,TRUE
58a76f17e4b0fe0988045156,0.5783791542053223,TRUE
58bbbde0e4b0d23e37736af5,0.8504993915557861,TRUE
58a0a3cfe4b0314ab22f97f5,0.9430943131446838,TRUE
58b9b91ae4b0d23e37735653,0.9550163745880127,TRUE
58a83e17e4b0fe09880451f5,0.7927627563476562,TRUE
58bc1c4fe4b0d23e37736d32,0.9550163745880127,TRUE
589a94d4e4b05f998de95fcd,0.9521566033363342,TRUE
58ac9fd7e4b08c6e1ec0ab3b,0.9496755003929138,TRUE
58ba1beee4b0d23e37735aa8,0.9550163745880127,TRUE
58c1aa95e4b06d16e3cd1a9c,0.9550163745880127,TRUE
58b9c435e4b0d23e37735716,0.9550163745880127,TRUE
58baf646e4b0d23e37735fe3,0.9509414434432983,TRUE
58a84ac1e4b0fe0988045214,0.9550163745880127,TRUE
58c1ae33e4b06d16e3cd1abf,0.5783791542053223,TRUE
58b9cd9de4b0d23e37735795,0.7669514417648315,TRUE
58b4a7e6e4b0d23e37734a2c,0.9550163745880127,TRUE
58bc7e2ae4b0d23e37737987,0.9550163745880127,TRUE
58b9be7de4b0d23e377356bb,0.9550163745880127,TRUE
58b8ca86e4b0d23e377353dd,0.9503923654556274,TRUE
58b9b7c8e4b0d23e37735638,0.8504993915557861,TRUE
58759c5be4b0087d2c8a06d3,0.9550163745880127,TRUE
58aa12e8e4b0fe09880454f9,0.9550163745880127,TRUE
58b9f26ae4b0d23e3773590c,0.9521566033363342,TRUE
58b9b61ae4b0d23e37735627,0.9550163745880127,TRUE
58bda9a9e4b0d23e37738975,0.5008987784385681,TRUE
589fa25ae4b0314ab22f969b,0.5783791542053223,TRUE
58be1c40e4b0d23e37739239,0.9550163745880127,TRUE
58b65ec5e4b0d23e37734dd3,0.7927627563476562,TRUE
58b82af6e4b0d23e377351bd,0.8467936515808105,TRUE
58bb5ba7e4b0d23e3773676e,0.9438359141349792,TRUE
58b71fe8e4b0d23e37734f3f,0.9550163745880127,TRUE
58a0deb9e4b0314ab22f9906,0.9550163745880127,TRUE
58b138c0e4b0eec3bce00169,0.9550163745880127,TRUE
58aa03bae4b0fe09880454d8,0.7669514417648315,TRUE
588d57b2e4b090cf9c5a4671,0.7725123167037964,TRUE
588a5720e4b090cf9c5a4479,0.5661848187446594,TRUE
58a7844be4b0fe0988045177,0.9550163745880127,TRUE
58bb3db0e4b0d23e377365b6,0.6948221325874329,TRUE
58ba187ae4b0d23e37735a84,0.9521566033363342,TRUE
58b1ba33e4b0eec3bce00213,0.9550163745880127,TRUE
58b7e2fde4b0d23e37735131,0.9521566033363342,TRUE
58b9b95ee4b0d23e37735656,0.9503923654556274,TRUE
58b9bed7e4b0d23e377356c4,0.9509414434432983,TRUE
58ae3931e4b068eafab0c725,0.7725123167037964,TRUE
58b2c10ee4b0eec3bce00420,0.9550163745880127,TRUE
58bd49dfe4b0d23e3773844e,0.9485514760017395,TRUE
58b4cc20e4b0d23e37734aaf,0.9417675733566284,TRUE
58b4f366e4b0d23e37734b38,0.7669514417648315,TRUE
58b6e2b4e4b0d23e37734ea5,0.9550163745880127,TRUE
58b506a1e4b0d23e37734b5c,0.7095752954483032,TRUE
58b8c668e4b0d23e377353ca,0.9550163745880127,TRUE
58b2e64fe4b0eec3bce0043b,0.7669514417648315,TRUE
58be413fe4b0d23e377393a7,0.947909414768219,TRUE
586eca93e4b0e80f9e3c23d5,0.27847060561180115,FALSE
58a0c598e4b0314ab22f9845,0.9550163745880127,TRUE
58b99c34e4b0d23e3773550f,0.5471392273902893,TRUE
58a1dabee4b0314ab22f9a12,0.9550163745880127,TRUE
58b38e1be4b0eec3bce00660,0.844662606716156,TRUE
58bd723de4b0d23e377385fb,0.9550163745880127,TRUE
589562ebe4b05f998de95901,0.9550163745880127,TRUE
5893a88be4b018a8bfc288e0,0.5498048067092896,TRUE
58b8d2c7e4b0d23e3773540c,0.9550163745880127,TRUE
58bad7b5e4b0d23e37735cdd,0.9550163745880127,TRUE
58b6ef56e4b0d23e37734edb,0.9503923654556274,TRUE
589bbe7ee4b05f998de96107,0.8250822424888611,TRUE
58b9ab91e4b0d23e3773555c,0.9503923654556274,TRUE
58977c2be4b05f998de95bd8,0.9550163745880127,TRUE
58afa741e4b068eafab0c8c4,0.8997558951377869,TRUE
58b9c326e4b0d23e37735702,0.9550163745880127,TRUE
58b0c39fe4b0eec3bce000fa,0.9019810557365417,TRUE
58a4ebf3e4b0314ab22f9db7,0.8250822424888611,TRUE
58ab8fcae4b08c6e1ec0a9e5,0.8250822424888611,TRUE
58ba1b4ce4b0d23e37735aa1,0.9550163745880127,TRUE
58b3101ce4b0eec3bce004a4,0.9550163745880127,TRUE
58bb713ae4b0d23e377368f4,0.9550163745880127,TRUE
58a38b8be4b0314ab22f9c28,0.9550163745880127,TRUE
589b0debe4b05f998de96000,0.6085566878318787,TRUE
58b33d32e4b0eec3bce0055c,0.8504993915557861,TRUE
58b1c4f0e4b0eec3bce00245,0.9486522078514099,TRUE
58b18caae4b0eec3bce00192,0.8467936515808105,TRUE
58b64bdde4b0d23e37734dc2,0.7784297466278076,TRUE
58a243f7e4b0314ab22f9adc,0.6084491610527039,TRUE
58b2ebdee4b0eec3bce00448,0.9550163745880127,TRUE
58b1a4f8e4b0eec3bce001db,0.9550163745880127,TRUE
58ac79b3e4b08c6e1ec0aaf7,0.9550163745880127,TRUE
58bbac41e4b0d23e37736ada,0.9550163745880127,TRUE
58aca6a1e4b08c6e1ec0ab42,0.7375253438949585,TRUE
58a8de80e4b0fe098804537f,0.9550163745880127,TRUE
58a0eed1e4b0314ab22f9931,0.9550163745880127,TRUE
58b63709e4b0d23e37734d92,0.9445662498474121,TRUE
58b78e4ce4b0d23e377350cc,0.9486522078514099,TRUE
58acf048e4b08c6e1ec0abff,0.9496755003929138,TRUE
58b46c70e4b0eec3bce00840,0.9422221183776855,TRUE
589a76bae4b05f998de95f85,0.950760006904602,TRUE
58b24f67e4b0eec3bce003d2,0.7669514417648315,TRUE
58bb1cdfe4b0d23e37736325,0.9502032399177551,TRUE
58b790d6e4b0d23e377350d0,0.774272084236145,TRUE
58b7060ae4b0d23e37734f13,0.9550163745880127,TRUE
58bae260e4b0d23e37735df1,0.9550163745880127,TRUE
58771ec4e4b0087d2c8a07a8,0.9438359141349792,TRUE
58af7571e4b068eafab0c84c,0.7652044296264648,TRUE
58bb476de4b0d23e3773665c,0.9550163745880127,TRUE
586acfeee4b09266b0cab3a1,0.9550163745880127,TRUE
58b6e6c9e4b0d23e37734eb2,0.9550163745880127,TRUE
58b46bcae4b0eec3bce0083e,0.9486522078514099,TRUE
5876e7f4e4b0087d2c8a0775,0.9550163745880127,TRUE
58952770e4b05f998de958a2,0.9459778666496277,TRUE
58bc36a9e4b0d23e37737097,0.9500022530555725,TRUE
58bb796ae4b0d23e3773697a,0.7263902425765991,TRUE
58b6c181e4b0d23e37734e1f,0.2018846869468689,FALSE
58b2d5e8e4b0eec3bce00430,0.9509414434432983,TRUE
589b5084e4b05f998de96070,0.9486522078514099,TRUE
58b1db58e4b0eec3bce00287,0.9550163745880127,TRUE
58b3570de4b0eec3bce005c6,0.9550163745880127,TRUE
58ae07b2e4b068eafab0c6e2,0.9550163745880127,TRUE
58b61f42e4b0d23e37734d4c,0.9486522078514099,TRUE
58b75515e4b0d23e3773500a,0.9550163745880127,TRUE
589e1b07e4b0314ab22f9462,0.9519705176353455,TRUE
58a4e22de4b0314ab22f9dae,0.29841524362564087,FALSE
58912564e4b090cf9c5a492a,0.7669514417648315,TRUE
58b1c2cee4b0eec3bce00236,0.9548518061637878,TRUE
58b1c144e4b0eec3bce0022b,0.9550163745880127,TRUE
58c39f45e4b06d16e3cd2d93,0.9486522078514099,TRUE
5896618de4b05f998de95a6a,0.774272084236145,TRUE
58ac6936e4b08c6e1ec0aac6,0.9550163745880127,TRUE
58b1c507e4b0eec3bce00247,0.7494045495986938,TRUE
587811e0e4b0d1a74fe8d438,0.7494045495986938,TRUE
587d817be4b068f9da392961,0.9503923654556274,TRUE
5877ac24e4b0d1a74fe8d3c1,0.28479811549186707,FALSE
58b09d41e4b05f7a05193127,0.9550163745880127,TRUE
589d0be3e4b0314ab22f930f,0.9548518061637878,TRUE
58abc939e4b08c6e1ec0aa38,0.9550163745880127,TRUE
58a02ca0e4b0314ab22f9791,0.9548518061637878,TRUE
58819f78e4b04c4484df0658,0.9550163745880127,TRUE
58a0df71e4b0314ab22f990b,0.9550163745880127,TRUE
588fd2f0e4b090cf9c5a483f,0.5842232704162598,TRUE
58ae70cae4b068eafab0c752,0.5663319230079651,TRUE
58bae216e4b0d23e37735de7,0.9502032399177551,TRUE
58ab55e0e4b08c6e1ec0a953,0.9550163745880127,TRUE
58af384de4b068eafab0c7f8,0.9519705176353455,TRUE
5871c13de4b0e80f9e3c2528,0.9406645894050598,TRUE
589fe01ee4b0314ab22f9722,0.9550163745880127,TRUE
58ba0b74e4b0d23e377359e4,0.9550163745880127,TRUE
58a2864ee4b0314ab22f9b49,0.9550163745880127,TRUE
58960f78e4b05f998de95962,0.9450811147689819,TRUE
58b492cde4b0d23e377349f1,0.9550163745880127,TRUE
58b87543e4b0d23e37735282,0.9550163745880127,TRUE
58b7266ce4b0d23e37734f56,0.9550163745880127,TRUE
58ba6d83e4b0d23e37735bd9,0.9550163745880127,TRUE
58a0f97de4b0314ab22f994c,0.9550163745880127,TRUE
58ba469ae4b0d23e37735b6c,0.9550163745880127,TRUE
5887f5dfe4b05f73db0779c4,0.9550163745880127,TRUE
5899c20fe4b05f998de95e9a,0.9550163745880127,TRUE
58ab7076e4b08c6e1ec0a993,0.9485514760017395,TRUE
58ad2cebe4b08c6e1ec0ac5d,0.9550163745880127,TRUE
58aa16ace4b0fe0988045501,0.9422221183776855,TRUE
58ac9651e4b08c6e1ec0ab26,0.9459778666496277,TRUE
589d050ce4b0314ab22f92fb,0.9495604634284973,TRUE
58b47355e4b0eec3bce00852,0.6465902328491211,TRUE
587588b0e4b0087d2c8a06cc,0.9550163745880127,TRUE
58968286e4b05f998de95ac2,0.9550163745880127,TRUE
58b32f94e4b0eec3bce00502,0.9550163745880127,TRUE
5895272de4b05f998de9589f,0.9550163745880127,TRUE
58a5183be4b0314ab22f9deb,0.9486522078514099,TRUE
58a0b585e4b0314ab22f982a,0.9486522078514099,TRUE
58aa0a9ce4b0fe09880454e7,0.9550163745880127,TRUE
587bdffee4b0d1a74fe8d638,0.9056010842323303,TRUE
58b63d06e4b0d23e37734da9,0.8273710012435913,TRUE
58a06cabe4b0314ab22f97a3,0.9550163745880127,TRUE
58a6f342e4b0314ab22f9f96,0.9486522078514099,TRUE
58a00189e4b0314ab22f9764,0.9486522078514099,TRUE
586ff657e4b0e80f9e3c2459,0.9550163745880127,TRUE
58a88a15e4b0fe0988045296,0.9550163745880127,TRUE
58990365e4b05f998de95d98,0.9550163745880127,TRUE
58a679f4e4b0314ab22f9f7b,0.9503923654556274,TRUE
58aa6d80e4b0fe098804559a,0.7614496946334839,TRUE
58b465c8e4b0eec3bce00831,0.9550163745880127,TRUE
58b078efe4b05f7a051930dc,0.9550163745880127,TRUE
58797aece4b0d1a74fe8d508,0.8250822424888611,TRUE
5894e08be4b05f998de95835,0.9472306966781616,TRUE
589f588fe4b0314ab22f95f7,0.9550163745880127,TRUE
58a9ad21e4b0fe0988045415,0.9481752514839172,TRUE
58b4b0ebe4b0d23e37734a43,0.9550163745880127,TRUE
58afaef6e4b068eafab0c8d2,0.9550163745880127,TRUE
589393fde4b018a8bfc288c4,0.9502032399177551,TRUE
5876f60fe4b0087d2c8a0792,0.9550163745880127,TRUE
586d7924e4b00ce8c12e99f1,0.9550163745880127,TRUE
58a116afe4b0314ab22f998f,0.9503923654556274,TRUE
58ac9c7be4b08c6e1ec0ab34,0.9550163745880127,TRUE
589a686fe4b05f998de95f69,0.9486522078514099,TRUE
58b333bbe4b0eec3bce00517,0.6086874604225159,TRUE
58b3334ee4b0eec3bce0050f,0.6086874604225159,TRUE
58b38ad0e4b0eec3bce00658,0.9550163745880127,TRUE
58a8ae16e4b0fe09880452de,0.7539429664611816,TRUE
589b0dd4e4b05f998de95fff,0.9550163745880127,TRUE
589d043ae4b0314ab22f92f8,0.9550163745880127,TRUE
58ac6fd1e4b08c6e1ec0aae0,0.9519705176353455,TRUE
58aa54d9e4b0fe0988045582,0.7652044296264648,TRUE
586ecbb2e4b0e80f9e3c23d6,0.9550163745880127,TRUE
589941a3e4b05f998de95e39,0.9243061542510986,TRUE
5897c887e4b05f998de95c7c,0.9495604634284973,TRUE
58a3275ae4b0314ab22f9ba5,0.9550163745880127,TRUE
589a7832e4b05f998de95f89,0.9521566033363342,TRUE
589d250fe4b0314ab22f934c,0.7545214295387268,TRUE
588d0c7de4b090cf9c5a4635,0.9485514760017395,TRUE
58b1be06e4b0eec3bce0021b,0.9521566033363342,TRUE
58a861dde4b0fe098804524b,0.6086874604225159,TRUE
58a8b15ee4b0fe09880452e9,0.5487064719200134,TRUE
5897f81de4b05f998de95cc2,0.5661848187446594,TRUE
589a4f6de4b05f998de95f38,0.9550163745880127,TRUE
589d0b70e4b0314ab22f930c,0.9550163745880127,TRUE
58a8c94fe4b0fe0988045331,0.9550163745880127,TRUE
5893a971e4b018a8bfc288e5,0.9550163745880127,TRUE
5876dc5fe4b0087d2c8a0765,0.6067993640899658,TRUE
588264ece4b04c4484df0676,0.9550163745880127,TRUE
58b4ccd1e4b0d23e37734ab2,0.9486522078514099,TRUE
58950292e4b05f998de9585d,0.5531970262527466,TRUE
589d23e9e4b0314ab22f934a,0.9550163745880127,TRUE
58b0cd76e4b0eec3bce00108,0.9521566033363342,TRUE
58a6fe10e4b0fe0988045099,0.9550163745880127,TRUE
58a86096e4b0fe0988045244,0.7669514417648315,TRUE
5894a9a1e4b05f998de957e4,0.9550163745880127,TRUE
58a0dd14e4b0314ab22f9904,0.9550163745880127,TRUE
588e5642e4b090cf9c5a46f3,0.9550163745880127,TRUE
58953aa9e4b05f998de958c5,0.29242074489593506,FALSE
58ad1daee4b08c6e1ec0ac55,0.9550163745880127,TRUE
58a23d6ce4b0314ab22f9ad1,0.7669514417648315,TRUE
58b7f6d8e4b0d23e37735144,0.9550163745880127,TRUE
58953efbe4b05f998de958d0,0.5498048067092896,TRUE
588bf009e4b090cf9c5a459e,0.2892637848854065,FALSE
589667b8e4b05f998de95a7e,0.9550163745880127,TRUE
58b74154e4b0d23e37734fc7,0.9550163745880127,TRUE
58b41ae6e4b0eec3bce006f1,0.9502032399177551,TRUE
58924cf4e4b018a8bfc28801,0.9373067617416382,TRUE
58b33682e4b0eec3bce00526,0.7856090068817139,TRUE
588a632ae4b090cf9c5a4486,0.9486522078514099,TRUE
5897ddc0e4b05f998de95c9b,0.9550163745880127,TRUE
589a6110e4b05f998de95f55,0.9438359141349792,TRUE
588a1abde4b090cf9c5a4425,0.9550163745880127,TRUE
58694160e4b09266b0cab347,0.9495604634284973,TRUE
588c1176e4b090cf9c5a45b3,0.9550163745880127,TRUE
588fb5b1e4b090cf9c5a4806,0.9550163745880127,TRUE
58ace740e4b08c6e1ec0abed,0.9550163745880127,TRUE
587ae0d1e4b0d1a74fe8d5e7,0.9550163745880127,TRUE
5884cceee4b04c4484df07d5,0.774272084236145,TRUE
588e3685e4b090cf9c5a46c6,0.9550163745880127,TRUE
586ee1a9e4b0e80f9e3c23e5,0.9550163745880127,TRUE
58825f6ce4b04c4484df066c,0.950760006904602,TRUE
58b1d788e4b0eec3bce0027b,0.5871787071228027,TRUE
58bccea4e4b0d23e377381f2,0.7338858246803284,TRUE
5890e295e4b090cf9c5a48dd,0.9548518061637878,TRUE
5899351ce4b05f998de95e27,0.9503923654556274,TRUE
589934a1e4b05f998de95e21,0.9358333349227905,TRUE
589ffb07e4b0314ab22f9753,0.9496755003929138,TRUE
588bdaa7e4b090cf9c5a4589,0.9550163745880127,TRUE
58a8f383e4b0fe098804539a,0.9550163745880127,TRUE
58a4f277e4b0314ab22f9dbf,0.9500022530555725,TRUE
588cc12be4b090cf9c5a45e1,0.9398931860923767,TRUE
589b2751e4b05f998de96011,0.7968326807022095,TRUE
587cc87ce4b0d1a74fe8d6a1,0.9550163745880127,TRUE
58b7f637e4b0d23e37735140,0.5663319230079651,TRUE
58829c23e4b04c4484df06a3,0.7141647338867188,TRUE
58b4c6b1e4b0d23e37734a9a,0.9550163745880127,TRUE
58a11e6de4b0314ab22f999a,0.9550163745880127,TRUE
58a10c34e4b0314ab22f997f,0.9550163745880127,TRUE
588b94c7e4b090cf9c5a4539,0.9550163745880127,TRUE
587eb977e4b03e3ebfd77e61,0.9550163745880127,TRUE
588e5bafe4b090cf9c5a46fc,0.7927627563476562,TRUE
587959ace4b0d1a74fe8d4e8,0.9550163745880127,TRUE
589a60a9e4b05f998de95f54,0.9438359141349792,TRUE
5872bbe2e4b0e80f9e3c2579,0.9502032399177551,TRUE
588a8d98e4b090cf9c5a4495,0.9550163745880127,TRUE
58b9cbd5e4b0d23e37735784,0.7932966351509094,TRUE
58b624bde4b0d23e37734d63,0.8467936515808105,TRUE
58964420e4b05f998de95a05,0.9521566033363342,TRUE
588befb8e4b090cf9c5a459d,0.7669514417648315,TRUE
58bb61e5e4b0d23e377367f5,0.8504993915557861,TRUE
5878fda3e4b0d1a74fe8d49d,0.9550163745880127,TRUE
58b330cde4b0eec3bce00507,0.9550163745880127,TRUE
587fa06fe4b03e3ebfd77ee3,0.9550163745880127,TRUE
5885558ae4b04c4484df0864,0.9521566033363342,TRUE
588ba4b3e4b090cf9c5a454a,0.9550163745880127,TRUE
58ab93cfe4b08c6e1ec0a9eb,0.9439235329627991,TRUE
5898e58be4b05f998de95d74,0.9503923654556274,TRUE
588abcfae4b090cf9c5a44b6,0.9486522078514099,TRUE
58b9c449e4b0d23e37735719,0.9550163745880127,TRUE
587c3906e4b0d1a74fe8d67a,0.9486522078514099,TRUE
58ab9884e4b08c6e1ec0a9f5,0.9550163745880127,TRUE
58802ef6e4b03e3ebfd77f31,0.9550163745880127,TRUE
587be586e4b0d1a74fe8d63c,0.9550163745880127,TRUE
58a10ac6e4b0314ab22f997e,0.7856090068817139,TRUE
587d67f2e4b068f9da39293c,0.9486522078514099,TRUE
5885376be4b04c4484df083f,0.9550163745880127,TRUE
587bc56ce4b0d1a74fe8d62c,0.9550163745880127,TRUE
588d3325e4b090cf9c5a464e,0.9483731389045715,TRUE
58b350c1e4b0eec3bce005a7,0.7141647338867188,TRUE
5872d4f6e4b0e80f9e3c257f,0.9550163745880127,TRUE
589292cce4b018a8bfc28849,0.9550163745880127,TRUE
587a57abe4b0d1a74fe8d574,0.7803015112876892,TRUE
5872a451e4b0e80f9e3c255b,0.9550163745880127,TRUE
5883a9b8e4b04c4484df071a,0.9459778666496277,TRUE
587ced3ae4b0d1a74fe8d6da,0.950760006904602,TRUE
